base,acuracia-teste,precision-covid-teste,recall-covid-teste,f1-covid-teste,precision-non-covid-teste,recall-non-covid-teste,f1-non-covid-teste,conf-matrix-teste,acuracia-val,precision-covid-val,recall-covid-val,f1-covid-val,precision-non-covid-val,recall-non-covid-val,f1-non-covid-val,conf-matrix-val
densenet,0.9028132992327366,0.9773584905660377,0.8900343642611683,0.9316546762589928,0.746031746031746,0.94,0.831858407079646,"[[ 94   6]
 [ 32 259]]",0.9722222222222222,0.9855072463768116,0.9444444444444444,0.9645390070921985,0.963963963963964,0.9907407407407407,0.9771689497716894,"[[107   1]
 [  4  68]]"
densenet,0.9053708439897699,0.9774436090225563,0.8934707903780069,0.933572710951526,0.752,0.94,0.8355555555555555,"[[ 94   6]
 [ 31 260]]",0.9833333333333333,1.0,0.9583333333333334,0.9787234042553191,0.972972972972973,1.0,0.9863013698630138,"[[108   0]
 [  3  69]]"
densenet,0.9028132992327366,0.9809885931558935,0.8865979381443299,0.9314079422382671,0.7421875,0.95,0.8333333333333334,"[[ 95   5]
 [ 33 258]]",0.9888888888888889,1.0,0.9722222222222222,0.9859154929577464,0.9818181818181818,1.0,0.9908256880733944,"[[108   0]
 [  2  70]]"
densenet,0.9053708439897699,0.9810606060606061,0.8900343642611683,0.9333333333333333,0.7480314960629921,0.95,0.8370044052863436,"[[ 95   5]
 [ 32 259]]",0.9833333333333333,0.9859154929577465,0.9722222222222222,0.979020979020979,0.981651376146789,0.9907407407407407,0.9861751152073732,"[[107   1]
 [  2  70]]"
densenet,0.9028132992327366,0.9773584905660377,0.8900343642611683,0.9316546762589928,0.746031746031746,0.94,0.831858407079646,"[[ 94   6]
 [ 32 259]]",0.9833333333333333,0.9859154929577465,0.9722222222222222,0.979020979020979,0.981651376146789,0.9907407407407407,0.9861751152073732,"[[107   1]
 [  2  70]]"
densenet,0.9053708439897699,0.9810606060606061,0.8900343642611683,0.9333333333333333,0.7480314960629921,0.95,0.8370044052863436,"[[ 95   5]
 [ 32 259]]",0.9833333333333333,0.9726027397260274,0.9861111111111112,0.9793103448275863,0.9906542056074766,0.9814814814814815,0.986046511627907,"[[106   2]
 [  1  71]]"
densenet,0.9028132992327366,0.9773584905660377,0.8900343642611683,0.9316546762589928,0.746031746031746,0.94,0.831858407079646,"[[ 94   6]
 [ 32 259]]",1.0,1.0,1.0,1.0,1.0,1.0,1.0,"[[108   0]
 [  0  72]]"
densenet,0.9028132992327366,0.9773584905660377,0.8900343642611683,0.9316546762589928,0.746031746031746,0.94,0.831858407079646,"[[ 94   6]
 [ 32 259]]",0.9833333333333333,0.9859154929577465,0.9722222222222222,0.979020979020979,0.981651376146789,0.9907407407407407,0.9861751152073732,"[[107   1]
 [  2  70]]"
densenet,0.9053708439897699,0.9810606060606061,0.8900343642611683,0.9333333333333333,0.7480314960629921,0.95,0.8370044052863436,"[[ 95   5]
 [ 32 259]]",0.9833333333333333,0.9726027397260274,0.9861111111111112,0.9793103448275863,0.9906542056074766,0.9814814814814815,0.986046511627907,"[[106   2]
 [  1  71]]"
densenet,0.9002557544757033,0.9772727272727273,0.8865979381443299,0.9297297297297297,0.7401574803149606,0.94,0.8281938325991189,"[[ 94   6]
 [ 33 258]]",0.9777777777777777,0.9722222222222222,0.9722222222222222,0.9722222222222222,0.9814814814814815,0.9814814814814815,0.9814814814814815,"[[106   2]
 [  2  70]]"
densenet,0.8951406649616368,0.9664179104477612,0.8900343642611683,0.926654740608229,0.7398373983739838,0.91,0.8161434977578476,"[[ 91   9]
 [ 32 259]]",0.9833333333333333,0.9859154929577465,0.9722222222222222,0.979020979020979,0.981651376146789,0.9907407407407407,0.9861751152073732,"[[107   1]
 [  2  70]]"
densenet,0.9028132992327366,0.9773584905660377,0.8900343642611683,0.9316546762589928,0.746031746031746,0.94,0.831858407079646,"[[ 94   6]
 [ 32 259]]",0.9833333333333333,0.9726027397260274,0.9861111111111112,0.9793103448275863,0.9906542056074766,0.9814814814814815,0.986046511627907,"[[106   2]
 [  1  71]]"
densenet,0.9002557544757033,0.9736842105263158,0.8900343642611683,0.9299820466786355,0.744,0.93,0.8266666666666667,"[[ 93   7]
 [ 32 259]]",0.9611111111111111,0.9710144927536232,0.9305555555555556,0.9503546099290779,0.954954954954955,0.9814814814814815,0.9680365296803655,"[[106   2]
 [  5  67]]"
densenet,0.9028132992327366,0.9773584905660377,0.8900343642611683,0.9316546762589928,0.746031746031746,0.94,0.831858407079646,"[[ 94   6]
 [ 32 259]]",0.9666666666666667,0.9459459459459459,0.9722222222222222,0.9589041095890412,0.9811320754716981,0.9629629629629629,0.9719626168224299,"[[104   4]
 [  2  70]]"
densenet,0.9002557544757033,0.9736842105263158,0.8900343642611683,0.9299820466786355,0.744,0.93,0.8266666666666667,"[[ 93   7]
 [ 32 259]]",0.9666666666666667,0.9852941176470589,0.9305555555555556,0.9571428571428572,0.9553571428571429,0.9907407407407407,0.9727272727272727,"[[107   1]
 [  5  67]]"
densenet,0.9028132992327366,0.9773584905660377,0.8900343642611683,0.9316546762589928,0.746031746031746,0.94,0.831858407079646,"[[ 94   6]
 [ 32 259]]",0.9888888888888889,0.9861111111111112,0.9861111111111112,0.9861111111111112,0.9907407407407407,0.9907407407407407,0.9907407407407407,"[[107   1]
 [  1  71]]"
densenet,0.8976982097186701,0.9735849056603774,0.8865979381443299,0.9280575539568344,0.7380952380952381,0.93,0.8230088495575221,"[[ 93   7]
 [ 33 258]]",0.9722222222222222,0.9855072463768116,0.9444444444444444,0.9645390070921985,0.963963963963964,0.9907407407407407,0.9771689497716894,"[[107   1]
 [  4  68]]"
densenet,0.907928388746803,0.9775280898876404,0.8969072164948454,0.935483870967742,0.7580645161290323,0.94,0.8392857142857143,"[[ 94   6]
 [ 30 261]]",0.9944444444444445,1.0,0.9861111111111112,0.993006993006993,0.9908256880733946,1.0,0.9953917050691244,"[[108   0]
 [  1  71]]"
densenet,0.9028132992327366,0.9773584905660377,0.8900343642611683,0.9316546762589928,0.746031746031746,0.94,0.831858407079646,"[[ 94   6]
 [ 32 259]]",0.9611111111111111,0.9710144927536232,0.9305555555555556,0.9503546099290779,0.954954954954955,0.9814814814814815,0.9680365296803655,"[[106   2]
 [  5  67]]"
densenet,0.8951406649616368,0.9664179104477612,0.8900343642611683,0.926654740608229,0.7398373983739838,0.91,0.8161434977578476,"[[ 91   9]
 [ 32 259]]",0.9555555555555556,0.9571428571428572,0.9305555555555556,0.943661971830986,0.9545454545454546,0.9722222222222222,0.963302752293578,"[[105   3]
 [  5  67]]"
densenet,0.9028132992327366,0.9809885931558935,0.8865979381443299,0.9314079422382671,0.7421875,0.95,0.8333333333333334,"[[ 95   5]
 [ 33 258]]",0.9944444444444445,1.0,0.9861111111111112,0.993006993006993,0.9908256880733946,1.0,0.9953917050691244,"[[108   0]
 [  1  71]]"
densenet,0.9028132992327366,0.9773584905660377,0.8900343642611683,0.9316546762589928,0.746031746031746,0.94,0.831858407079646,"[[ 94   6]
 [ 32 259]]",0.9777777777777777,0.9722222222222222,0.9722222222222222,0.9722222222222222,0.9814814814814815,0.9814814814814815,0.9814814814814815,"[[106   2]
 [  2  70]]"
densenet,0.9028132992327366,0.9773584905660377,0.8900343642611683,0.9316546762589928,0.746031746031746,0.94,0.831858407079646,"[[ 94   6]
 [ 32 259]]",0.9833333333333333,0.9859154929577465,0.9722222222222222,0.979020979020979,0.981651376146789,0.9907407407407407,0.9861751152073732,"[[107   1]
 [  2  70]]"
densenet,0.9028132992327366,0.9773584905660377,0.8900343642611683,0.9316546762589928,0.746031746031746,0.94,0.831858407079646,"[[ 94   6]
 [ 32 259]]",0.9611111111111111,0.9710144927536232,0.9305555555555556,0.9503546099290779,0.954954954954955,0.9814814814814815,0.9680365296803655,"[[106   2]
 [  5  67]]"
densenet,0.9053708439897699,0.9774436090225563,0.8934707903780069,0.933572710951526,0.752,0.94,0.8355555555555555,"[[ 94   6]
 [ 31 260]]",0.9720670391061452,0.9852941176470589,0.9436619718309859,0.9640287769784172,0.963963963963964,0.9907407407407407,0.9771689497716894,"[[107   1]
 [  4  67]]"
densenet,0.9028132992327366,0.9773584905660377,0.8900343642611683,0.9316546762589928,0.746031746031746,0.94,0.831858407079646,"[[ 94   6]
 [ 32 259]]",0.9832402234636871,0.9857142857142858,0.971830985915493,0.9787234042553192,0.981651376146789,0.9907407407407407,0.9861751152073732,"[[107   1]
 [  2  69]]"
densenet,0.9053708439897699,0.9774436090225563,0.8934707903780069,0.933572710951526,0.752,0.94,0.8355555555555555,"[[ 94   6]
 [ 31 260]]",0.9553072625698324,0.9571428571428572,0.9305555555555556,0.943661971830986,0.9541284403669725,0.9719626168224299,0.962962962962963,"[[104   3]
 [  5  67]]"
densenet,0.9053708439897699,0.9847328244274809,0.8865979381443299,0.9330922242314647,0.7441860465116279,0.96,0.8384279475982533,"[[ 96   4]
 [ 33 258]]",0.9720670391061452,0.958904109589041,0.9722222222222222,0.9655172413793104,0.9811320754716981,0.9719626168224299,0.9765258215962441,"[[104   3]
 [  2  70]]"
densenet,0.9002557544757033,0.9772727272727273,0.8865979381443299,0.9297297297297297,0.7401574803149606,0.94,0.8281938325991189,"[[ 94   6]
 [ 33 258]]",0.9832402234636871,0.9859154929577465,0.9722222222222222,0.979020979020979,0.9814814814814815,0.9906542056074766,0.986046511627907,"[[106   1]
 [  2  70]]"
densenet,0.9002557544757033,0.9736842105263158,0.8900343642611683,0.9299820466786355,0.744,0.93,0.8266666666666667,"[[ 93   7]
 [ 32 259]]",0.9832402234636871,0.9859154929577465,0.9722222222222222,0.979020979020979,0.9814814814814815,0.9906542056074766,0.986046511627907,"[[106   1]
 [  2  70]]"
densenet_gauss,0.928388746803069,0.9925093632958801,0.9106529209621993,0.949820788530466,0.7903225806451613,0.98,0.8749999999999999,"[[ 98   2]
 [ 26 265]]",0.9722222222222222,0.971830985915493,0.9583333333333334,0.965034965034965,0.9724770642201835,0.9814814814814815,0.9769585253456222,"[[212   4]
 [  6 138]]"
densenet_gauss,0.9232736572890026,0.9887640449438202,0.9072164948453608,0.9462365591397849,0.782258064516129,0.97,0.8660714285714286,"[[ 97   3]
 [ 27 264]]",0.9777777777777777,0.9927536231884058,0.9513888888888888,0.9716312056737588,0.9684684684684685,0.9953703703703703,0.9817351598173515,"[[215   1]
 [  7 137]]"
densenet_gauss,0.9258312020460358,0.9924812030075187,0.9072164948453608,0.9479353680430879,0.784,0.98,0.8711111111111111,"[[ 98   2]
 [ 27 264]]",0.9638888888888889,0.958041958041958,0.9513888888888888,0.9547038327526133,0.967741935483871,0.9722222222222222,0.9699769053117783,"[[210   6]
 [  7 137]]"
densenet_gauss,0.9258312020460358,0.9888059701492538,0.9106529209621993,0.9481216457960643,0.7886178861788617,0.97,0.8699551569506726,"[[ 97   3]
 [ 26 265]]",0.9694444444444444,0.965034965034965,0.9583333333333334,0.9616724738675957,0.9723502304147466,0.9768518518518519,0.97459584295612,"[[211   5]
 [  6 138]]"
densenet_gauss,0.9258312020460358,0.9924812030075187,0.9072164948453608,0.9479353680430879,0.784,0.98,0.8711111111111111,"[[ 98   2]
 [ 27 264]]",0.9805555555555555,0.9790209790209791,0.9722222222222222,0.975609756097561,0.9815668202764977,0.9861111111111112,0.9838337182448037,"[[213   3]
 [  4 140]]"
densenet_gauss,0.9232736572890026,0.9924528301886792,0.9037800687285223,0.946043165467626,0.7777777777777778,0.98,0.8672566371681417,"[[ 98   2]
 [ 28 263]]",0.9666666666666667,0.9782608695652174,0.9375,0.9574468085106383,0.9594594594594594,0.9861111111111112,0.9726027397260274,"[[213   3]
 [  9 135]]"
densenet_gauss,0.9258312020460358,0.9924812030075187,0.9072164948453608,0.9479353680430879,0.784,0.98,0.8711111111111111,"[[ 98   2]
 [ 27 264]]",0.9583333333333334,0.9574468085106383,0.9375,0.9473684210526315,0.958904109589041,0.9722222222222222,0.9655172413793104,"[[210   6]
 [  9 135]]"
densenet_gauss,0.9207161125319693,0.9924242424242424,0.9003436426116839,0.9441441441441442,0.7716535433070866,0.98,0.8634361233480176,"[[ 98   2]
 [ 29 262]]",0.9611111111111111,0.9710144927536232,0.9305555555555556,0.9503546099290779,0.954954954954955,0.9814814814814815,0.9680365296803655,"[[212   4]
 [ 10 134]]"
densenet_gauss,0.9258312020460358,0.9924812030075187,0.9072164948453608,0.9479353680430879,0.784,0.98,0.8711111111111111,"[[ 98   2]
 [ 27 264]]",0.975,0.9787234042553191,0.9583333333333334,0.968421052631579,0.9726027397260274,0.9861111111111112,0.9793103448275863,"[[213   3]
 [  6 138]]"
densenet_gauss,0.928388746803069,0.9925093632958801,0.9106529209621993,0.949820788530466,0.7903225806451613,0.98,0.8749999999999999,"[[ 98   2]
 [ 26 265]]",0.9694444444444444,0.9523809523809523,0.9722222222222222,0.9621993127147767,0.9812206572769953,0.9675925925925926,0.9743589743589743,"[[209   7]
 [  4 140]]"
densenet_gauss,0.9258312020460358,0.9924812030075187,0.9072164948453608,0.9479353680430879,0.784,0.98,0.8711111111111111,"[[ 98   2]
 [ 27 264]]",0.975,0.9856115107913669,0.9513888888888888,0.9681978798586571,0.9683257918552036,0.9907407407407407,0.9794050343249429,"[[214   2]
 [  7 137]]"
densenet_gauss,0.9258312020460358,0.9924812030075187,0.9072164948453608,0.9479353680430879,0.784,0.98,0.8711111111111111,"[[ 98   2]
 [ 27 264]]",0.9777777777777777,0.9857142857142858,0.9583333333333334,0.971830985915493,0.9727272727272728,0.9907407407407407,0.981651376146789,"[[214   2]
 [  6 138]]"
densenet_gauss,0.9258312020460358,0.9924812030075187,0.9072164948453608,0.9479353680430879,0.784,0.98,0.8711111111111111,"[[ 98   2]
 [ 27 264]]",0.9694444444444444,0.9854014598540146,0.9375,0.9608540925266904,0.9596412556053812,0.9907407407407407,0.9749430523917996,"[[214   2]
 [  9 135]]"
densenet_gauss,0.9258312020460358,0.9888059701492538,0.9106529209621993,0.9481216457960643,0.7886178861788617,0.97,0.8699551569506726,"[[ 97   3]
 [ 26 265]]",0.9861111111111112,0.9929078014184397,0.9722222222222222,0.9824561403508771,0.9817351598173516,0.9953703703703703,0.9885057471264368,"[[215   1]
 [  4 140]]"
densenet_gauss,0.928388746803069,0.9925093632958801,0.9106529209621993,0.949820788530466,0.7903225806451613,0.98,0.8749999999999999,"[[ 98   2]
 [ 26 265]]",0.975,0.972027972027972,0.9652777777777778,0.9686411149825783,0.9769585253456221,0.9814814814814815,0.9792147806004619,"[[212   4]
 [  5 139]]"
densenet_gauss,0.9232736572890026,0.9887640449438202,0.9072164948453608,0.9462365591397849,0.782258064516129,0.97,0.8660714285714286,"[[ 97   3]
 [ 27 264]]",0.9638888888888889,0.958041958041958,0.9513888888888888,0.9547038327526133,0.967741935483871,0.9722222222222222,0.9699769053117783,"[[210   6]
 [  7 137]]"
densenet_gauss,0.9258312020460358,0.9924812030075187,0.9072164948453608,0.9479353680430879,0.784,0.98,0.8711111111111111,"[[ 98   2]
 [ 27 264]]",0.9694444444444444,0.9854014598540146,0.9375,0.9608540925266904,0.9596412556053812,0.9907407407407407,0.9749430523917996,"[[214   2]
 [  9 135]]"
densenet_gauss,0.9258312020460358,0.9924812030075187,0.9072164948453608,0.9479353680430879,0.784,0.98,0.8711111111111111,"[[ 98   2]
 [ 27 264]]",0.9666666666666667,0.9782608695652174,0.9375,0.9574468085106383,0.9594594594594594,0.9861111111111112,0.9726027397260274,"[[213   3]
 [  9 135]]"
densenet_gauss,0.9258312020460358,0.9924812030075187,0.9072164948453608,0.9479353680430879,0.784,0.98,0.8711111111111111,"[[ 98   2]
 [ 27 264]]",0.9721448467966574,0.965034965034965,0.965034965034965,0.965034965034965,0.9768518518518519,0.9768518518518519,0.9768518518518519,"[[211   5]
 [  5 138]]"
densenet_gauss,0.928388746803069,0.9925093632958801,0.9106529209621993,0.949820788530466,0.7903225806451613,0.98,0.8749999999999999,"[[ 98   2]
 [ 26 265]]",0.9805013927576601,0.9857142857142858,0.965034965034965,0.9752650176678446,0.9771689497716894,0.9907407407407407,0.9839080459770114,"[[214   2]
 [  5 138]]"
densenet_gauss,0.928388746803069,0.9925093632958801,0.9106529209621993,0.949820788530466,0.7903225806451613,0.98,0.8749999999999999,"[[ 98   2]
 [ 26 265]]",0.9749303621169917,0.9926470588235294,0.9440559440559441,0.967741935483871,0.9641255605381166,0.9953703703703703,0.979498861047836,"[[215   1]
 [  8 135]]"
densenet_gauss,0.9258312020460358,0.9924812030075187,0.9072164948453608,0.9479353680430879,0.784,0.98,0.8711111111111111,"[[ 98   2]
 [ 27 264]]",0.9916434540389972,0.9929577464788732,0.986013986013986,0.9894736842105264,0.9907834101382489,0.9953703703703703,0.9930715935334872,"[[215   1]
 [  2 141]]"
densenet_gauss,0.9258312020460358,0.9924812030075187,0.9072164948453608,0.9479353680430879,0.784,0.98,0.8711111111111111,"[[ 98   2]
 [ 27 264]]",0.9749303621169917,0.9787234042553191,0.9583333333333334,0.968421052631579,0.9724770642201835,0.986046511627907,0.979214780600462,"[[212   3]
 [  6 138]]"
densenet_gauss,0.9232736572890026,0.9924528301886792,0.9037800687285223,0.946043165467626,0.7777777777777778,0.98,0.8672566371681417,"[[ 98   2]
 [ 28 263]]",0.9860724233983287,0.9793103448275862,0.9861111111111112,0.9826989619377162,0.9906542056074766,0.986046511627907,0.9883449883449883,"[[212   3]
 [  2 142]]"
densenet_gauss,0.9207161125319693,0.9924242424242424,0.9003436426116839,0.9441441441441442,0.7716535433070866,0.98,0.8634361233480176,"[[ 98   2]
 [ 29 262]]",0.9805013927576601,0.9790209790209791,0.9722222222222222,0.975609756097561,0.9814814814814815,0.986046511627907,0.9837587006960558,"[[212   3]
 [  4 140]]"
densenet_gauss,0.9258312020460358,0.9924812030075187,0.9072164948453608,0.9479353680430879,0.784,0.98,0.8711111111111111,"[[ 98   2]
 [ 27 264]]",0.9805013927576601,0.9790209790209791,0.9722222222222222,0.975609756097561,0.9814814814814815,0.986046511627907,0.9837587006960558,"[[212   3]
 [  4 140]]"
densenet_gauss,0.9258312020460358,0.9924812030075187,0.9072164948453608,0.9479353680430879,0.784,0.98,0.8711111111111111,"[[ 98   2]
 [ 27 264]]",0.9721448467966574,0.9926470588235294,0.9375,0.9642857142857143,0.9596412556053812,0.9953488372093023,0.9771689497716896,"[[214   1]
 [  9 135]]"
densenet_gauss,0.928388746803069,0.9925093632958801,0.9106529209621993,0.949820788530466,0.7903225806451613,0.98,0.8749999999999999,"[[ 98   2]
 [ 26 265]]",0.958217270194986,0.9777777777777777,0.9166666666666666,0.946236559139785,0.9464285714285714,0.986046511627907,0.9658314350797267,"[[212   3]
 [ 12 132]]"
densenet_gauss,0.9258312020460358,0.9924812030075187,0.9072164948453608,0.9479353680430879,0.784,0.98,0.8711111111111111,"[[ 98   2]
 [ 27 264]]",0.9665738161559888,0.952054794520548,0.9652777777777778,0.9586206896551724,0.9765258215962441,0.9674418604651163,0.9719626168224299,"[[208   7]
 [  5 139]]"
densenet_gauss,0.9207161125319693,0.9887218045112782,0.9037800687285223,0.9443447037701974,0.776,0.97,0.8622222222222223,"[[ 97   3]
 [ 28 263]]",0.9693593314763231,0.9523809523809523,0.9722222222222222,0.9621993127147767,0.9811320754716981,0.9674418604651163,0.9742388758782202,"[[208   7]
 [  4 140]]"
mobilenet,0.8516624040920716,0.9874476987447699,0.8109965635738832,0.8905660377358491,0.6381578947368421,0.97,0.7698412698412698,"[[ 97   3]
 [ 55 236]]",0.95,0.9846153846153847,0.8888888888888888,0.9343065693430657,0.9304347826086956,0.9907407407407407,0.9596412556053812,"[[107   1]
 [  8  64]]"
mobilenet,0.8491048593350383,0.9873949579831933,0.8075601374570447,0.888468809073724,0.6339869281045751,0.97,0.766798418972332,"[[ 97   3]
 [ 56 235]]",0.9722222222222222,1.0,0.9305555555555556,0.9640287769784173,0.9557522123893806,1.0,0.9773755656108597,"[[108   0]
 [  5  67]]"
mobilenet,0.8491048593350383,0.9833333333333333,0.8109965635738832,0.888888888888889,0.6357615894039735,0.96,0.7649402390438247,"[[ 96   4]
 [ 55 236]]",0.9666666666666667,0.9714285714285714,0.9444444444444444,0.9577464788732395,0.9636363636363636,0.9814814814814815,0.9724770642201834,"[[106   2]
 [  4  68]]"
mobilenet,0.8542199488491049,0.9834710743801653,0.8178694158075601,0.8930581613508443,0.6442953020134228,0.96,0.7710843373493975,"[[ 96   4]
 [ 53 238]]",0.9777777777777777,0.9722222222222222,0.9722222222222222,0.9722222222222222,0.9814814814814815,0.9814814814814815,0.9814814814814815,"[[106   2]
 [  2  70]]"
mobilenet,0.8516624040920716,0.9794238683127572,0.8178694158075601,0.8913857677902621,0.6418918918918919,0.95,0.7661290322580645,"[[ 95   5]
 [ 53 238]]",0.9777777777777777,0.9857142857142858,0.9583333333333334,0.971830985915493,0.9727272727272728,0.9907407407407407,0.981651376146789,"[[107   1]
 [  3  69]]"
mobilenet,0.8465473145780051,0.9832635983263598,0.8075601374570447,0.8867924528301887,0.631578947368421,0.96,0.7619047619047619,"[[ 96   4]
 [ 56 235]]",0.95,0.9436619718309859,0.9305555555555556,0.9370629370629372,0.9541284403669725,0.9629629629629629,0.9585253456221199,"[[104   4]
 [  5  67]]"
mobilenet,0.8465473145780051,0.9832635983263598,0.8075601374570447,0.8867924528301887,0.631578947368421,0.96,0.7619047619047619,"[[ 96   4]
 [ 56 235]]",0.9722222222222222,0.9855072463768116,0.9444444444444444,0.9645390070921985,0.963963963963964,0.9907407407407407,0.9771689497716894,"[[107   1]
 [  4  68]]"
mobilenet,0.8516624040920716,0.9794238683127572,0.8178694158075601,0.8913857677902621,0.6418918918918919,0.95,0.7661290322580645,"[[ 95   5]
 [ 53 238]]",0.95,0.9565217391304348,0.9166666666666666,0.9361702127659574,0.9459459459459459,0.9722222222222222,0.9589041095890412,"[[105   3]
 [  6  66]]"
mobilenet,0.8516624040920716,0.983402489626556,0.8144329896907216,0.8909774436090225,0.64,0.96,0.7679999999999999,"[[ 96   4]
 [ 54 237]]",0.9722222222222222,0.9855072463768116,0.9444444444444444,0.9645390070921985,0.963963963963964,0.9907407407407407,0.9771689497716894,"[[107   1]
 [  4  68]]"
mobilenet,0.8439897698209718,0.9791666666666666,0.8075601374570447,0.8851224105461393,0.6291390728476821,0.95,0.7569721115537849,"[[ 95   5]
 [ 56 235]]",0.95,0.9701492537313433,0.9027777777777778,0.9352517985611511,0.9380530973451328,0.9814814814814815,0.9592760180995475,"[[106   2]
 [  7  65]]"
mobilenet,0.8491048593350383,0.9833333333333333,0.8109965635738832,0.888888888888889,0.6357615894039735,0.96,0.7649402390438247,"[[ 96   4]
 [ 55 236]]",0.9555555555555556,0.9571428571428572,0.9305555555555556,0.943661971830986,0.9545454545454546,0.9722222222222222,0.963302752293578,"[[105   3]
 [  5  67]]"
mobilenet,0.8516624040920716,0.983402489626556,0.8144329896907216,0.8909774436090225,0.64,0.96,0.7679999999999999,"[[ 96   4]
 [ 54 237]]",0.9388888888888889,0.9841269841269841,0.8611111111111112,0.9185185185185185,0.9145299145299145,0.9907407407407407,0.951111111111111,"[[107   1]
 [ 10  62]]"
mobilenet,0.8491048593350383,0.9833333333333333,0.8109965635738832,0.888888888888889,0.6357615894039735,0.96,0.7649402390438247,"[[ 96   4]
 [ 55 236]]",0.9555555555555556,0.9705882352941176,0.9166666666666666,0.9428571428571428,0.9464285714285714,0.9814814814814815,0.9636363636363636,"[[106   2]
 [  6  66]]"
mobilenet,0.8491048593350383,0.9833333333333333,0.8109965635738832,0.888888888888889,0.6357615894039735,0.96,0.7649402390438247,"[[ 96   4]
 [ 55 236]]",0.9388888888888889,0.9420289855072463,0.9027777777777778,0.9219858156028369,0.9369369369369369,0.9629629629629629,0.9497716894977168,"[[104   4]
 [  7  65]]"
mobilenet,0.8567774936061381,0.9835390946502057,0.8213058419243986,0.8951310861423222,0.6486486486486487,0.96,0.7741935483870968,"[[ 96   4]
 [ 52 239]]",0.9722222222222222,0.971830985915493,0.9583333333333334,0.965034965034965,0.9724770642201835,0.9814814814814815,0.9769585253456222,"[[106   2]
 [  3  69]]"
mobilenet,0.8542199488491049,0.9834710743801653,0.8178694158075601,0.8930581613508443,0.6442953020134228,0.96,0.7710843373493975,"[[ 96   4]
 [ 53 238]]",0.95,0.9701492537313433,0.9027777777777778,0.9352517985611511,0.9380530973451328,0.9814814814814815,0.9592760180995475,"[[106   2]
 [  7  65]]"
mobilenet,0.8491048593350383,0.9793388429752066,0.8144329896907216,0.8893058161350843,0.6375838926174496,0.95,0.7630522088353413,"[[ 95   5]
 [ 54 237]]",0.9555555555555556,0.9848484848484849,0.9027777777777778,0.9420289855072465,0.9385964912280702,0.9907407407407407,0.9639639639639639,"[[107   1]
 [  7  65]]"
mobilenet,0.8542199488491049,0.9834710743801653,0.8178694158075601,0.8930581613508443,0.6442953020134228,0.96,0.7710843373493975,"[[ 96   4]
 [ 53 238]]",0.9666666666666667,0.9714285714285714,0.9444444444444444,0.9577464788732395,0.9636363636363636,0.9814814814814815,0.9724770642201834,"[[106   2]
 [  4  68]]"
mobilenet,0.8542199488491049,0.9834710743801653,0.8178694158075601,0.8930581613508443,0.6442953020134228,0.96,0.7710843373493975,"[[ 96   4]
 [ 53 238]]",0.9444444444444444,0.9558823529411765,0.9027777777777778,0.9285714285714286,0.9375,0.9722222222222222,0.9545454545454546,"[[105   3]
 [  7  65]]"
mobilenet,0.8542199488491049,0.9834710743801653,0.8178694158075601,0.8930581613508443,0.6442953020134228,0.96,0.7710843373493975,"[[ 96   4]
 [ 53 238]]",0.9222222222222223,0.967741935483871,0.8333333333333334,0.8955223880597015,0.8983050847457628,0.9814814814814815,0.9380530973451328,"[[106   2]
 [ 12  60]]"
mobilenet,0.8516624040920716,0.983402489626556,0.8144329896907216,0.8909774436090225,0.64,0.96,0.7679999999999999,"[[ 96   4]
 [ 54 237]]",0.9555555555555556,0.9848484848484849,0.9027777777777778,0.9420289855072465,0.9385964912280702,0.9907407407407407,0.9639639639639639,"[[107   1]
 [  7  65]]"
mobilenet,0.8567774936061381,0.9835390946502057,0.8213058419243986,0.8951310861423222,0.6486486486486487,0.96,0.7741935483870968,"[[ 96   4]
 [ 52 239]]",0.9666666666666667,0.9459459459459459,0.9722222222222222,0.9589041095890412,0.9811320754716981,0.9629629629629629,0.9719626168224299,"[[104   4]
 [  2  70]]"
mobilenet,0.8491048593350383,0.9754098360655737,0.8178694158075601,0.8897196261682243,0.6394557823129252,0.94,0.7611336032388665,"[[ 94   6]
 [ 53 238]]",0.9611111111111111,0.9850746268656716,0.9166666666666666,0.949640287769784,0.9469026548672567,0.9907407407407407,0.9683257918552035,"[[107   1]
 [  6  66]]"
mobilenet,0.8491048593350383,0.9833333333333333,0.8109965635738832,0.888888888888889,0.6357615894039735,0.96,0.7649402390438247,"[[ 96   4]
 [ 55 236]]",0.9666666666666667,0.9852941176470589,0.9305555555555556,0.9571428571428572,0.9553571428571429,0.9907407407407407,0.9727272727272727,"[[107   1]
 [  5  67]]"
mobilenet,0.8542199488491049,0.9834710743801653,0.8178694158075601,0.8930581613508443,0.6442953020134228,0.96,0.7710843373493975,"[[ 96   4]
 [ 53 238]]",0.9497206703910615,0.9436619718309859,0.9305555555555556,0.9370629370629372,0.9537037037037037,0.9626168224299065,0.958139534883721,"[[103   4]
 [  5  67]]"
mobilenet,0.8542199488491049,0.9834710743801653,0.8178694158075601,0.8930581613508443,0.6442953020134228,0.96,0.7710843373493975,"[[ 96   4]
 [ 53 238]]",0.9385474860335196,0.9692307692307692,0.875,0.9197080291970802,0.9210526315789473,0.9813084112149533,0.9502262443438914,"[[105   2]
 [  9  63]]"
mobilenet,0.8542199488491049,0.9834710743801653,0.8178694158075601,0.8930581613508443,0.6442953020134228,0.96,0.7710843373493975,"[[ 96   4]
 [ 53 238]]",0.9664804469273743,0.9852941176470589,0.9305555555555556,0.9571428571428572,0.954954954954955,0.9906542056074766,0.9724770642201835,"[[106   1]
 [  5  67]]"
mobilenet,0.8491048593350383,0.9833333333333333,0.8109965635738832,0.888888888888889,0.6357615894039735,0.96,0.7649402390438247,"[[ 96   4]
 [ 55 236]]",0.9832402234636871,1.0,0.9583333333333334,0.9787234042553191,0.9727272727272728,1.0,0.9861751152073733,"[[107   0]
 [  3  69]]"
mobilenet,0.8567774936061381,0.9835390946502057,0.8213058419243986,0.8951310861423222,0.6486486486486487,0.96,0.7741935483870968,"[[ 96   4]
 [ 52 239]]",0.9497206703910615,0.9428571428571428,0.9295774647887324,0.9361702127659575,0.9541284403669725,0.9629629629629629,0.9585253456221199,"[[104   4]
 [  5  66]]"
mobilenet,0.8491048593350383,0.9833333333333333,0.8109965635738832,0.888888888888889,0.6357615894039735,0.96,0.7649402390438247,"[[ 96   4]
 [ 55 236]]",0.9553072625698324,0.9846153846153847,0.9014084507042254,0.9411764705882353,0.9385964912280702,0.9907407407407407,0.9639639639639639,"[[107   1]
 [  7  64]]"
mobilenet_gauss,0.8516624040920716,0.983402489626556,0.8144329896907216,0.8909774436090225,0.64,0.96,0.7679999999999999,"[[ 96   4]
 [ 54 237]]",0.9305555555555556,0.9219858156028369,0.9027777777777778,0.912280701754386,0.9360730593607306,0.9490740740740741,0.9425287356321839,"[[205  11]
 [ 14 130]]"
mobilenet_gauss,0.8465473145780051,0.979253112033195,0.8109965635738832,0.887218045112782,0.6333333333333333,0.95,0.7599999999999999,"[[ 95   5]
 [ 55 236]]",0.9444444444444444,0.9626865671641791,0.8958333333333334,0.9280575539568345,0.9336283185840708,0.9768518518518519,0.9547511312217195,"[[211   5]
 [ 15 129]]"
mobilenet_gauss,0.8465473145780051,0.979253112033195,0.8109965635738832,0.887218045112782,0.6333333333333333,0.95,0.7599999999999999,"[[ 95   5]
 [ 55 236]]",0.9333333333333333,0.9054054054054054,0.9305555555555556,0.9178082191780821,0.9528301886792453,0.9351851851851852,0.9439252336448598,"[[202  14]
 [ 10 134]]"
mobilenet_gauss,0.8491048593350383,0.9793388429752066,0.8144329896907216,0.8893058161350843,0.6375838926174496,0.95,0.7630522088353413,"[[ 95   5]
 [ 54 237]]",0.9472222222222222,0.9370629370629371,0.9305555555555556,0.9337979094076655,0.9539170506912442,0.9583333333333334,0.9561200923787528,"[[207   9]
 [ 10 134]]"
mobilenet_gauss,0.8491048593350383,0.9793388429752066,0.8144329896907216,0.8893058161350843,0.6375838926174496,0.95,0.7630522088353413,"[[ 95   5]
 [ 54 237]]",0.9416666666666667,0.9624060150375939,0.8888888888888888,0.924187725631769,0.9295154185022027,0.9768518518518519,0.9525959367945823,"[[211   5]
 [ 16 128]]"
mobilenet_gauss,0.8465473145780051,0.9753086419753086,0.8144329896907216,0.8876404494382022,0.6351351351351351,0.94,0.7580645161290321,"[[ 94   6]
 [ 54 237]]",0.9361111111111111,0.935251798561151,0.9027777777777778,0.9187279151943463,0.9366515837104072,0.9583333333333334,0.9473684210526316,"[[207   9]
 [ 14 130]]"
mobilenet_gauss,0.8465473145780051,0.979253112033195,0.8109965635738832,0.887218045112782,0.6333333333333333,0.95,0.7599999999999999,"[[ 95   5]
 [ 55 236]]",0.9305555555555556,0.9473684210526315,0.875,0.9097472924187725,0.920704845814978,0.9675925925925926,0.9435665914221218,"[[209   7]
 [ 18 126]]"
mobilenet_gauss,0.8491048593350383,0.9793388429752066,0.8144329896907216,0.8893058161350843,0.6375838926174496,0.95,0.7630522088353413,"[[ 95   5]
 [ 54 237]]",0.9444444444444444,0.9558823529411765,0.9027777777777778,0.9285714285714286,0.9375,0.9722222222222222,0.9545454545454546,"[[210   6]
 [ 14 130]]"
mobilenet_gauss,0.8491048593350383,0.9793388429752066,0.8144329896907216,0.8893058161350843,0.6375838926174496,0.95,0.7630522088353413,"[[ 95   5]
 [ 54 237]]",0.9472222222222222,0.9310344827586207,0.9375,0.9342560553633218,0.958139534883721,0.9537037037037037,0.9559164733178654,"[[206  10]
 [  9 135]]"
mobilenet_gauss,0.8465473145780051,0.979253112033195,0.8109965635738832,0.887218045112782,0.6333333333333333,0.95,0.7599999999999999,"[[ 95   5]
 [ 55 236]]",0.9416666666666667,0.912751677852349,0.9444444444444444,0.9283276450511946,0.9620853080568721,0.9398148148148148,0.9508196721311475,"[[203  13]
 [  8 136]]"
mobilenet_gauss,0.8465473145780051,0.979253112033195,0.8109965635738832,0.887218045112782,0.6333333333333333,0.95,0.7599999999999999,"[[ 95   5]
 [ 55 236]]",0.9333333333333333,0.9166666666666666,0.9166666666666666,0.9166666666666666,0.9444444444444444,0.9444444444444444,0.9444444444444444,"[[204  12]
 [ 12 132]]"
mobilenet_gauss,0.8491048593350383,0.9793388429752066,0.8144329896907216,0.8893058161350843,0.6375838926174496,0.95,0.7630522088353413,"[[ 95   5]
 [ 54 237]]",0.9361111111111111,0.935251798561151,0.9027777777777778,0.9187279151943463,0.9366515837104072,0.9583333333333334,0.9473684210526316,"[[207   9]
 [ 14 130]]"
mobilenet_gauss,0.8491048593350383,0.9754098360655737,0.8178694158075601,0.8897196261682243,0.6394557823129252,0.94,0.7611336032388665,"[[ 94   6]
 [ 53 238]]",0.9583333333333334,0.9574468085106383,0.9375,0.9473684210526315,0.958904109589041,0.9722222222222222,0.9655172413793104,"[[210   6]
 [  9 135]]"
mobilenet_gauss,0.8439897698209718,0.9791666666666666,0.8075601374570447,0.8851224105461393,0.6291390728476821,0.95,0.7569721115537849,"[[ 95   5]
 [ 56 235]]",0.9388888888888889,0.9552238805970149,0.8888888888888888,0.9208633093525178,0.9292035398230089,0.9722222222222222,0.9502262443438914,"[[210   6]
 [ 16 128]]"
mobilenet_gauss,0.8491048593350383,0.9793388429752066,0.8144329896907216,0.8893058161350843,0.6375838926174496,0.95,0.7630522088353413,"[[ 95   5]
 [ 54 237]]",0.9416666666666667,0.948905109489051,0.9027777777777778,0.9252669039145908,0.9372197309417041,0.9675925925925926,0.9521640091116174,"[[209   7]
 [ 14 130]]"
mobilenet_gauss,0.8491048593350383,0.9793388429752066,0.8144329896907216,0.8893058161350843,0.6375838926174496,0.95,0.7630522088353413,"[[ 95   5]
 [ 54 237]]",0.9555555555555556,0.9507042253521126,0.9375,0.9440559440559442,0.9587155963302753,0.9675925925925926,0.9631336405529954,"[[209   7]
 [  9 135]]"
mobilenet_gauss,0.8542199488491049,0.9795081967213115,0.8213058419243986,0.8934579439252336,0.6462585034013606,0.95,0.7692307692307693,"[[ 95   5]
 [ 52 239]]",0.9305555555555556,0.9219858156028369,0.9027777777777778,0.912280701754386,0.9360730593607306,0.9490740740740741,0.9425287356321839,"[[205  11]
 [ 14 130]]"
mobilenet_gauss,0.8465473145780051,0.979253112033195,0.8109965635738832,0.887218045112782,0.6333333333333333,0.95,0.7599999999999999,"[[ 95   5]
 [ 55 236]]",0.9527777777777777,0.9379310344827586,0.9444444444444444,0.9411764705882353,0.9627906976744186,0.9583333333333334,0.9605568445475637,"[[207   9]
 [  8 136]]"
mobilenet_gauss,0.8491048593350383,0.9793388429752066,0.8144329896907216,0.8893058161350843,0.6375838926174496,0.95,0.7630522088353413,"[[ 95   5]
 [ 54 237]]",0.9220055710306406,0.9323308270676691,0.8671328671328671,0.8985507246376812,0.915929203539823,0.9583333333333334,0.9366515837104071,"[[207   9]
 [ 19 124]]"
mobilenet_gauss,0.8516624040920716,0.9794238683127572,0.8178694158075601,0.8913857677902621,0.6418918918918919,0.95,0.7661290322580645,"[[ 95   5]
 [ 53 238]]",0.9164345403899722,0.9124087591240876,0.8741258741258742,0.8928571428571428,0.918918918918919,0.9444444444444444,0.9315068493150684,"[[204  12]
 [ 18 125]]"
mobilenet_gauss,0.8465473145780051,0.979253112033195,0.8109965635738832,0.887218045112782,0.6333333333333333,0.95,0.7599999999999999,"[[ 95   5]
 [ 55 236]]",0.9192200557103064,0.8958333333333334,0.9020979020979021,0.8989547038327526,0.9348837209302325,0.9305555555555556,0.9327146171693735,"[[201  15]
 [ 14 129]]"
mobilenet_gauss,0.8465473145780051,0.979253112033195,0.8109965635738832,0.887218045112782,0.6333333333333333,0.95,0.7599999999999999,"[[ 95   5]
 [ 55 236]]",0.947075208913649,0.9492753623188406,0.916083916083916,0.9323843416370106,0.9457013574660633,0.9675925925925926,0.9565217391304347,"[[209   7]
 [ 12 131]]"
mobilenet_gauss,0.8516624040920716,0.9794238683127572,0.8178694158075601,0.8913857677902621,0.6418918918918919,0.95,0.7661290322580645,"[[ 95   5]
 [ 53 238]]",0.9303621169916435,0.9047619047619048,0.9236111111111112,0.914089347079038,0.9481132075471698,0.9348837209302325,0.9414519906323184,"[[201  14]
 [ 11 133]]"
mobilenet_gauss,0.8491048593350383,0.9793388429752066,0.8144329896907216,0.8893058161350843,0.6375838926174496,0.95,0.7630522088353413,"[[ 95   5]
 [ 54 237]]",0.9637883008356546,0.9517241379310345,0.9583333333333334,0.9550173010380624,0.9719626168224299,0.9674418604651163,0.9696969696969698,"[[208   7]
 [  6 138]]"
mobilenet_gauss,0.8491048593350383,0.9793388429752066,0.8144329896907216,0.8893058161350843,0.6375838926174496,0.95,0.7630522088353413,"[[ 95   5]
 [ 54 237]]",0.9442896935933147,0.9626865671641791,0.8958333333333334,0.9280575539568345,0.9333333333333333,0.9767441860465116,0.9545454545454545,"[[210   5]
 [ 15 129]]"
mobilenet_gauss,0.8414322250639387,0.9790794979079498,0.8041237113402062,0.8830188679245282,0.625,0.95,0.753968253968254,"[[ 95   5]
 [ 57 234]]",0.9498607242339833,0.9565217391304348,0.9166666666666666,0.9361702127659574,0.9457013574660633,0.9720930232558139,0.9587155963302751,"[[209   6]
 [ 12 132]]"
mobilenet_gauss,0.8439897698209718,0.9791666666666666,0.8075601374570447,0.8851224105461393,0.6291390728476821,0.95,0.7569721115537849,"[[ 95   5]
 [ 56 235]]",0.9164345403899722,0.9253731343283582,0.8611111111111112,0.8920863309352519,0.9111111111111111,0.9534883720930233,0.9318181818181819,"[[205  10]
 [ 20 124]]"
mobilenet_gauss,0.8491048593350383,0.9793388429752066,0.8144329896907216,0.8893058161350843,0.6375838926174496,0.95,0.7630522088353413,"[[ 95   5]
 [ 54 237]]",0.958217270194986,0.9574468085106383,0.9375,0.9473684210526315,0.9587155963302753,0.9720930232558139,0.9653579676674365,"[[209   6]
 [  9 135]]"
mobilenet_gauss,0.8542199488491049,0.9834710743801653,0.8178694158075601,0.8930581613508443,0.6442953020134228,0.96,0.7710843373493975,"[[ 96   4]
 [ 53 238]]",0.9387186629526463,0.9357142857142857,0.9097222222222222,0.9225352112676057,0.9406392694063926,0.958139534883721,0.9493087557603686,"[[206   9]
 [ 13 131]]"
mobilenet_gauss,0.8491048593350383,0.9793388429752066,0.8144329896907216,0.8893058161350843,0.6375838926174496,0.95,0.7630522088353413,"[[ 95   5]
 [ 54 237]]",0.935933147632312,0.9230769230769231,0.9166666666666666,0.9198606271777002,0.9444444444444444,0.9488372093023256,0.9466357308584686,"[[204  11]
 [ 12 132]]"
vgg16,0.907928388746803,0.9739776951672863,0.9003436426116839,0.9357142857142857,0.7622950819672131,0.93,0.8378378378378378,"[[ 93   7]
 [ 29 262]]",0.9722222222222222,0.971830985915493,0.9583333333333334,0.965034965034965,0.9724770642201835,0.9814814814814815,0.9769585253456222,"[[106   2]
 [  3  69]]"
vgg16,0.9104859335038363,0.9740740740740741,0.9037800687285223,0.9376114081996434,0.768595041322314,0.93,0.8416289592760182,"[[ 93   7]
 [ 28 263]]",0.9777777777777777,0.9722222222222222,0.9722222222222222,0.9722222222222222,0.9814814814814815,0.9814814814814815,0.9814814814814815,"[[106   2]
 [  2  70]]"
vgg16,0.907928388746803,0.9704797047970479,0.9037800687285223,0.9359430604982207,0.7666666666666667,0.92,0.8363636363636363,"[[ 92   8]
 [ 28 263]]",0.9833333333333333,1.0,0.9583333333333334,0.9787234042553191,0.972972972972973,1.0,0.9863013698630138,"[[108   0]
 [  3  69]]"
vgg16,0.9053708439897699,0.9703703703703703,0.9003436426116839,0.9340463458110517,0.7603305785123967,0.92,0.832579185520362,"[[ 92   8]
 [ 29 262]]",0.9666666666666667,0.9852941176470589,0.9305555555555556,0.9571428571428572,0.9553571428571429,0.9907407407407407,0.9727272727272727,"[[107   1]
 [  5  67]]"
vgg16,0.9028132992327366,0.966789667896679,0.9003436426116839,0.9323843416370107,0.7583333333333333,0.91,0.8272727272727273,"[[ 91   9]
 [ 29 262]]",0.9833333333333333,0.9859154929577465,0.9722222222222222,0.979020979020979,0.981651376146789,0.9907407407407407,0.9861751152073732,"[[107   1]
 [  2  70]]"
vgg16,0.9053708439897699,0.9703703703703703,0.9003436426116839,0.9340463458110517,0.7603305785123967,0.92,0.832579185520362,"[[ 92   8]
 [ 29 262]]",0.9722222222222222,0.971830985915493,0.9583333333333334,0.965034965034965,0.9724770642201835,0.9814814814814815,0.9769585253456222,"[[106   2]
 [  3  69]]"
vgg16,0.9104859335038363,0.9740740740740741,0.9037800687285223,0.9376114081996434,0.768595041322314,0.93,0.8416289592760182,"[[ 93   7]
 [ 28 263]]",0.9944444444444445,1.0,0.9861111111111112,0.993006993006993,0.9908256880733946,1.0,0.9953917050691244,"[[108   0]
 [  1  71]]"
vgg16,0.9053708439897699,0.9703703703703703,0.9003436426116839,0.9340463458110517,0.7603305785123967,0.92,0.832579185520362,"[[ 92   8]
 [ 29 262]]",0.9611111111111111,0.9577464788732394,0.9444444444444444,0.951048951048951,0.963302752293578,0.9722222222222222,0.9677419354838711,"[[105   3]
 [  4  68]]"
vgg16,0.9028132992327366,0.966789667896679,0.9003436426116839,0.9323843416370107,0.7583333333333333,0.91,0.8272727272727273,"[[ 91   9]
 [ 29 262]]",0.9833333333333333,0.9726027397260274,0.9861111111111112,0.9793103448275863,0.9906542056074766,0.9814814814814815,0.986046511627907,"[[106   2]
 [  1  71]]"
vgg16,0.9053708439897699,0.9738805970149254,0.8969072164948454,0.9338103756708408,0.7560975609756098,0.93,0.8340807174887893,"[[ 93   7]
 [ 30 261]]",0.9777777777777777,0.9722222222222222,0.9722222222222222,0.9722222222222222,0.9814814814814815,0.9814814814814815,0.9814814814814815,"[[106   2]
 [  2  70]]"
vgg16,0.907928388746803,0.9739776951672863,0.9003436426116839,0.9357142857142857,0.7622950819672131,0.93,0.8378378378378378,"[[ 93   7]
 [ 29 262]]",0.9722222222222222,0.935064935064935,1.0,0.9664429530201343,1.0,0.9537037037037037,0.976303317535545,"[[103   5]
 [  0  72]]"
vgg16,0.907928388746803,0.9704797047970479,0.9037800687285223,0.9359430604982207,0.7666666666666667,0.92,0.8363636363636363,"[[ 92   8]
 [ 28 263]]",0.9777777777777777,0.9473684210526315,1.0,0.972972972972973,1.0,0.9629629629629629,0.9811320754716981,"[[104   4]
 [  0  72]]"
vgg16,0.907928388746803,0.9739776951672863,0.9003436426116839,0.9357142857142857,0.7622950819672131,0.93,0.8378378378378378,"[[ 93   7]
 [ 29 262]]",0.9777777777777777,1.0,0.9444444444444444,0.9714285714285714,0.9642857142857143,1.0,0.9818181818181818,"[[108   0]
 [  4  68]]"
vgg16,0.9053708439897699,0.9738805970149254,0.8969072164948454,0.9338103756708408,0.7560975609756098,0.93,0.8340807174887893,"[[ 93   7]
 [ 30 261]]",0.9722222222222222,0.971830985915493,0.9583333333333334,0.965034965034965,0.9724770642201835,0.9814814814814815,0.9769585253456222,"[[106   2]
 [  3  69]]"
vgg16,0.9104859335038363,0.9776119402985075,0.9003436426116839,0.9373881932021467,0.7642276422764228,0.94,0.8430493273542602,"[[ 94   6]
 [ 29 262]]",0.9888888888888889,0.9861111111111112,0.9861111111111112,0.9861111111111112,0.9907407407407407,0.9907407407407407,0.9907407407407407,"[[107   1]
 [  1  71]]"
vgg16,0.9028132992327366,0.9702602230483272,0.8969072164948454,0.9321428571428572,0.7540983606557377,0.92,0.8288288288288288,"[[ 92   8]
 [ 30 261]]",0.95,0.9315068493150684,0.9444444444444444,0.9379310344827586,0.9626168224299065,0.9537037037037037,0.958139534883721,"[[103   5]
 [  4  68]]"
vgg16,0.9053708439897699,0.9703703703703703,0.9003436426116839,0.9340463458110517,0.7603305785123967,0.92,0.832579185520362,"[[ 92   8]
 [ 29 262]]",0.9666666666666667,0.9714285714285714,0.9444444444444444,0.9577464788732395,0.9636363636363636,0.9814814814814815,0.9724770642201834,"[[106   2]
 [  4  68]]"
vgg16,0.907928388746803,0.9739776951672863,0.9003436426116839,0.9357142857142857,0.7622950819672131,0.93,0.8378378378378378,"[[ 93   7]
 [ 29 262]]",0.9555555555555556,0.9324324324324325,0.9583333333333334,0.9452054794520548,0.9716981132075472,0.9537037037037037,0.9626168224299064,"[[103   5]
 [  3  69]]"
vgg16,0.9104859335038363,0.9740740740740741,0.9037800687285223,0.9376114081996434,0.768595041322314,0.93,0.8416289592760182,"[[ 93   7]
 [ 28 263]]",0.9777777777777777,0.9594594594594594,0.9861111111111112,0.9726027397260274,0.9905660377358491,0.9722222222222222,0.9813084112149533,"[[105   3]
 [  1  71]]"
vgg16,0.9028132992327366,0.9633699633699634,0.9037800687285223,0.9326241134751773,0.7627118644067796,0.9,0.8256880733944953,"[[ 90  10]
 [ 28 263]]",0.9888888888888889,1.0,0.9722222222222222,0.9859154929577464,0.9818181818181818,1.0,0.9908256880733944,"[[108   0]
 [  2  70]]"
vgg16,0.907928388746803,0.9739776951672863,0.9003436426116839,0.9357142857142857,0.7622950819672131,0.93,0.8378378378378378,"[[ 93   7]
 [ 29 262]]",0.9833333333333333,1.0,0.9583333333333334,0.9787234042553191,0.972972972972973,1.0,0.9863013698630138,"[[108   0]
 [  3  69]]"
vgg16,0.9053708439897699,0.9738805970149254,0.8969072164948454,0.9338103756708408,0.7560975609756098,0.93,0.8340807174887893,"[[ 93   7]
 [ 30 261]]",0.9666666666666667,0.9852941176470589,0.9305555555555556,0.9571428571428572,0.9553571428571429,0.9907407407407407,0.9727272727272727,"[[107   1]
 [  5  67]]"
vgg16,0.9053708439897699,0.9703703703703703,0.9003436426116839,0.9340463458110517,0.7603305785123967,0.92,0.832579185520362,"[[ 92   8]
 [ 29 262]]",0.9888888888888889,0.972972972972973,1.0,0.9863013698630138,1.0,0.9814814814814815,0.9906542056074767,"[[106   2]
 [  0  72]]"
vgg16,0.907928388746803,0.9739776951672863,0.9003436426116839,0.9357142857142857,0.7622950819672131,0.93,0.8378378378378378,"[[ 93   7]
 [ 29 262]]",0.9833333333333333,0.96,1.0,0.9795918367346939,1.0,0.9722222222222222,0.9859154929577464,"[[105   3]
 [  0  72]]"
vgg16,0.9053708439897699,0.9703703703703703,0.9003436426116839,0.9340463458110517,0.7603305785123967,0.92,0.832579185520362,"[[ 92   8]
 [ 29 262]]",0.9720670391061452,0.9583333333333334,0.971830985915493,0.965034965034965,0.9813084112149533,0.9722222222222222,0.9767441860465117,"[[105   3]
 [  2  69]]"
vgg16,0.9053708439897699,0.9703703703703703,0.9003436426116839,0.9340463458110517,0.7603305785123967,0.92,0.832579185520362,"[[ 92   8]
 [ 29 262]]",0.9720670391061452,0.9459459459459459,0.9859154929577465,0.9655172413793103,0.9904761904761905,0.9629629629629629,0.9765258215962442,"[[104   4]
 [  1  70]]"
vgg16,0.9053708439897699,0.9703703703703703,0.9003436426116839,0.9340463458110517,0.7603305785123967,0.92,0.832579185520362,"[[ 92   8]
 [ 29 262]]",0.9832402234636871,0.9859154929577465,0.9722222222222222,0.979020979020979,0.9814814814814815,0.9906542056074766,0.986046511627907,"[[106   1]
 [  2  70]]"
vgg16,0.9104859335038363,0.9740740740740741,0.9037800687285223,0.9376114081996434,0.768595041322314,0.93,0.8416289592760182,"[[ 93   7]
 [ 28 263]]",1.0,1.0,1.0,1.0,1.0,1.0,1.0,"[[107   0]
 [  0  72]]"
vgg16,0.907928388746803,0.9739776951672863,0.9003436426116839,0.9357142857142857,0.7622950819672131,0.93,0.8378378378378378,"[[ 93   7]
 [ 29 262]]",0.994413407821229,1.0,0.9861111111111112,0.993006993006993,0.9907407407407407,1.0,0.9953488372093023,"[[107   0]
 [  1  71]]"
vgg16,0.9104859335038363,0.9740740740740741,0.9037800687285223,0.9376114081996434,0.768595041322314,0.93,0.8416289592760182,"[[ 93   7]
 [ 28 263]]",0.9832402234636871,0.9726027397260274,0.9861111111111112,0.9793103448275863,0.9905660377358491,0.9813084112149533,0.9859154929577464,"[[105   2]
 [  1  71]]"
vgg16_gauss,0.9053708439897699,0.9703703703703703,0.9003436426116839,0.9340463458110517,0.7603305785123967,0.92,0.832579185520362,"[[ 92   8]
 [ 29 262]]",0.9666666666666667,0.9714285714285714,0.9444444444444444,0.9577464788732395,0.9636363636363636,0.9814814814814815,0.9724770642201834,"[[212   4]
 [  8 136]]"
vgg16_gauss,0.9002557544757033,0.9701492537313433,0.8934707903780069,0.930232558139535,0.7479674796747967,0.92,0.8251121076233183,"[[ 92   8]
 [ 31 260]]",0.9694444444444444,0.9716312056737588,0.9513888888888888,0.9614035087719298,0.9680365296803652,0.9814814814814815,0.9747126436781608,"[[212   4]
 [  7 137]]"
vgg16_gauss,0.9053708439897699,0.9703703703703703,0.9003436426116839,0.9340463458110517,0.7603305785123967,0.92,0.832579185520362,"[[ 92   8]
 [ 29 262]]",0.9361111111111111,0.9290780141843972,0.9097222222222222,0.9192982456140351,0.9406392694063926,0.9537037037037037,0.9471264367816091,"[[206  10]
 [ 13 131]]"
vgg16_gauss,0.9028132992327366,0.966789667896679,0.9003436426116839,0.9323843416370107,0.7583333333333333,0.91,0.8272727272727273,"[[ 91   9]
 [ 29 262]]",0.9666666666666667,0.9647887323943662,0.9513888888888888,0.9580419580419581,0.9678899082568807,0.9768518518518519,0.9723502304147466,"[[211   5]
 [  7 137]]"
vgg16_gauss,0.9053708439897699,0.9703703703703703,0.9003436426116839,0.9340463458110517,0.7603305785123967,0.92,0.832579185520362,"[[ 92   8]
 [ 29 262]]",0.9666666666666667,0.9583333333333334,0.9583333333333334,0.9583333333333334,0.9722222222222222,0.9722222222222222,0.9722222222222222,"[[210   6]
 [  6 138]]"
vgg16_gauss,0.9053708439897699,0.9703703703703703,0.9003436426116839,0.9340463458110517,0.7603305785123967,0.92,0.832579185520362,"[[ 92   8]
 [ 29 262]]",0.9611111111111111,0.9577464788732394,0.9444444444444444,0.951048951048951,0.963302752293578,0.9722222222222222,0.9677419354838711,"[[210   6]
 [  8 136]]"
vgg16_gauss,0.9028132992327366,0.9702602230483272,0.8969072164948454,0.9321428571428572,0.7540983606557377,0.92,0.8288288288288288,"[[ 92   8]
 [ 30 261]]",0.95,0.9632352941176471,0.9097222222222222,0.9357142857142857,0.9419642857142857,0.9768518518518519,0.959090909090909,"[[211   5]
 [ 13 131]]"
vgg16_gauss,0.9053708439897699,0.9738805970149254,0.8969072164948454,0.9338103756708408,0.7560975609756098,0.93,0.8340807174887893,"[[ 93   7]
 [ 30 261]]",0.975,0.9856115107913669,0.9513888888888888,0.9681978798586571,0.9683257918552036,0.9907407407407407,0.9794050343249429,"[[214   2]
 [  7 137]]"
vgg16_gauss,0.9053708439897699,0.9738805970149254,0.8969072164948454,0.9338103756708408,0.7560975609756098,0.93,0.8340807174887893,"[[ 93   7]
 [ 30 261]]",0.9583333333333334,0.951048951048951,0.9444444444444444,0.9477351916376306,0.9631336405529954,0.9675925925925926,0.9653579676674365,"[[209   7]
 [  8 136]]"
vgg16_gauss,0.8976982097186701,0.9700374531835206,0.8900343642611683,0.92831541218638,0.7419354838709677,0.92,0.8214285714285714,"[[ 92   8]
 [ 32 259]]",0.9527777777777777,0.950354609929078,0.9305555555555556,0.9403508771929825,0.954337899543379,0.9675925925925926,0.960919540229885,"[[209   7]
 [ 10 134]]"
vgg16_gauss,0.9053708439897699,0.9669117647058824,0.9037800687285223,0.9342806394316163,0.7647058823529411,0.91,0.8310502283105021,"[[ 91   9]
 [ 28 263]]",0.9638888888888889,0.9645390070921985,0.9444444444444444,0.9543859649122808,0.9634703196347032,0.9768518518518519,0.9701149425287355,"[[211   5]
 [  8 136]]"
vgg16_gauss,0.9053708439897699,0.9703703703703703,0.9003436426116839,0.9340463458110517,0.7603305785123967,0.92,0.832579185520362,"[[ 92   8]
 [ 29 262]]",0.9638888888888889,0.9517241379310345,0.9583333333333334,0.9550173010380624,0.9720930232558139,0.9675925925925926,0.9698375870069605,"[[209   7]
 [  6 138]]"
vgg16_gauss,0.9053708439897699,0.9703703703703703,0.9003436426116839,0.9340463458110517,0.7603305785123967,0.92,0.832579185520362,"[[ 92   8]
 [ 29 262]]",0.9472222222222222,0.9370629370629371,0.9305555555555556,0.9337979094076655,0.9539170506912442,0.9583333333333334,0.9561200923787528,"[[207   9]
 [ 10 134]]"
vgg16_gauss,0.9053708439897699,0.9669117647058824,0.9037800687285223,0.9342806394316163,0.7647058823529411,0.91,0.8310502283105021,"[[ 91   9]
 [ 28 263]]",0.9555555555555556,0.9444444444444444,0.9444444444444444,0.9444444444444444,0.9629629629629629,0.9629629629629629,0.9629629629629629,"[[208   8]
 [  8 136]]"
vgg16_gauss,0.9053708439897699,0.9669117647058824,0.9037800687285223,0.9342806394316163,0.7647058823529411,0.91,0.8310502283105021,"[[ 91   9]
 [ 28 263]]",0.9694444444444444,0.965034965034965,0.9583333333333334,0.9616724738675957,0.9723502304147466,0.9768518518518519,0.97459584295612,"[[211   5]
 [  6 138]]"
vgg16_gauss,0.9053708439897699,0.9703703703703703,0.9003436426116839,0.9340463458110517,0.7603305785123967,0.92,0.832579185520362,"[[ 92   8]
 [ 29 262]]",0.9638888888888889,0.9851851851851852,0.9236111111111112,0.953405017921147,0.9511111111111111,0.9907407407407407,0.9705215419501133,"[[214   2]
 [ 11 133]]"
vgg16_gauss,0.9028132992327366,0.9702602230483272,0.8969072164948454,0.9321428571428572,0.7540983606557377,0.92,0.8288288288288288,"[[ 92   8]
 [ 30 261]]",0.9666666666666667,0.9647887323943662,0.9513888888888888,0.9580419580419581,0.9678899082568807,0.9768518518518519,0.9723502304147466,"[[211   5]
 [  7 137]]"
vgg16_gauss,0.9028132992327366,0.9702602230483272,0.8969072164948454,0.9321428571428572,0.7540983606557377,0.92,0.8288288288288288,"[[ 92   8]
 [ 30 261]]",0.9694444444444444,0.9586206896551724,0.9652777777777778,0.9619377162629758,0.9767441860465116,0.9722222222222222,0.9744779582366588,"[[210   6]
 [  5 139]]"
vgg16_gauss,0.9053708439897699,0.9703703703703703,0.9003436426116839,0.9340463458110517,0.7603305785123967,0.92,0.832579185520362,"[[ 92   8]
 [ 29 262]]",0.9637883008356546,0.9517241379310345,0.9583333333333334,0.9550173010380624,0.9719626168224299,0.9674418604651163,0.9696969696969698,"[[208   7]
 [  6 138]]"
vgg16_gauss,0.907928388746803,0.967032967032967,0.9072164948453608,0.9361702127659575,0.7711864406779662,0.91,0.8348623853211009,"[[ 91   9]
 [ 27 264]]",0.9637883008356546,0.9455782312925171,0.9652777777777778,0.9553264604810997,0.9764150943396226,0.9627906976744186,0.9695550351288055,"[[207   8]
 [  5 139]]"
vgg16_gauss,0.9053708439897699,0.9703703703703703,0.9003436426116839,0.9340463458110517,0.7603305785123967,0.92,0.832579185520362,"[[ 92   8]
 [ 29 262]]",0.958217270194986,0.9640287769784173,0.9305555555555556,0.9469964664310955,0.9545454545454546,0.9767441860465116,0.9655172413793104,"[[210   5]
 [ 10 134]]"
vgg16_gauss,0.9053708439897699,0.9703703703703703,0.9003436426116839,0.9340463458110517,0.7603305785123967,0.92,0.832579185520362,"[[ 92   8]
 [ 29 262]]",0.9498607242339833,0.9315068493150684,0.9444444444444444,0.9379310344827586,0.9624413145539906,0.9534883720930233,0.9579439252336449,"[[205  10]
 [  8 136]]"
vgg16_gauss,0.9028132992327366,0.966789667896679,0.9003436426116839,0.9323843416370107,0.7583333333333333,0.91,0.8272727272727273,"[[ 91   9]
 [ 29 262]]",0.9498607242339833,0.92,0.9583333333333334,0.9387755102040817,0.9712918660287081,0.9441860465116279,0.9575471698113208,"[[203  12]
 [  6 138]]"
vgg16_gauss,0.907928388746803,0.9739776951672863,0.9003436426116839,0.9357142857142857,0.7622950819672131,0.93,0.8378378378378378,"[[ 93   7]
 [ 29 262]]",0.9554317548746518,0.9705882352941176,0.9166666666666666,0.9428571428571428,0.9461883408071748,0.9813953488372092,0.9634703196347031,"[[211   4]
 [ 12 132]]"
vgg16_gauss,0.907928388746803,0.9704797047970479,0.9037800687285223,0.9359430604982207,0.7666666666666667,0.92,0.8363636363636363,"[[ 92   8]
 [ 28 263]]",0.9610027855153204,0.9710144927536232,0.9305555555555556,0.9503546099290779,0.9547511312217195,0.9813953488372092,0.9678899082568808,"[[211   4]
 [ 10 134]]"
vgg16_gauss,0.9002557544757033,0.9701492537313433,0.8934707903780069,0.930232558139535,0.7479674796747967,0.92,0.8251121076233183,"[[ 92   8]
 [ 31 260]]",0.9610027855153204,0.9452054794520548,0.9583333333333334,0.9517241379310345,0.971830985915493,0.9627906976744186,0.9672897196261682,"[[207   8]
 [  6 138]]"
vgg16_gauss,0.907928388746803,0.9739776951672863,0.9003436426116839,0.9357142857142857,0.7622950819672131,0.93,0.8378378378378378,"[[ 93   7]
 [ 29 262]]",0.9693593314763231,0.9583333333333334,0.965034965034965,0.9616724738675957,0.9767441860465116,0.9722222222222222,0.9744779582366588,"[[210   6]
 [  5 138]]"
vgg16_gauss,0.907928388746803,0.9704797047970479,0.9037800687285223,0.9359430604982207,0.7666666666666667,0.92,0.8363636363636363,"[[ 92   8]
 [ 28 263]]",0.9331476323119777,0.916083916083916,0.916083916083916,0.916083916083916,0.9444444444444444,0.9444444444444444,0.9444444444444444,"[[204  12]
 [ 12 131]]"
vgg16_gauss,0.9028132992327366,0.9702602230483272,0.8969072164948454,0.9321428571428572,0.7540983606557377,0.92,0.8288288288288288,"[[ 92   8]
 [ 30 261]]",0.958217270194986,0.9507042253521126,0.9440559440559441,0.9473684210526315,0.9631336405529954,0.9675925925925926,0.9653579676674365,"[[209   7]
 [  8 135]]"
vgg16_gauss,0.9053708439897699,0.9703703703703703,0.9003436426116839,0.9340463458110517,0.7603305785123967,0.92,0.832579185520362,"[[ 92   8]
 [ 29 262]]",0.9526462395543176,0.9436619718309859,0.9370629370629371,0.9403508771929825,0.9585253456221198,0.9629629629629629,0.9607390300230947,"[[208   8]
 [  9 134]]"
