,base,acuracia-teste,precision-covid-teste,recall-covid-teste,f1-covid-teste,precision-non-covid-teste,recall-non-covid-teste,f1-non-covid-teste,conf-matrix-teste,acuracia-val,precision-covid-val,recall-covid-val,f1-covid-val,precision-non-covid-val,recall-non-covid-val,f1-non-covid-val,conf-matrix-val
0,densenet,0.9130434782608695,0.974169741697417,0.9072164948453608,0.9395017793594307,0.775,0.93,0.8454545454545456,"[[ 93   7]
 [ 27 264]]",0.9888888888888889,0.9861111111111112,0.9861111111111112,0.9861111111111112,0.9907407407407407,0.9907407407407407,0.9907407407407407,"[[107   1]
 [  1  71]]"
1,densenet,0.9002557544757033,0.9736842105263158,0.8900343642611683,0.9299820466786355,0.744,0.93,0.8266666666666667,"[[ 93   7]
 [ 32 259]]",0.9666666666666667,0.9714285714285714,0.9444444444444444,0.9577464788732395,0.9636363636363636,0.9814814814814815,0.9724770642201834,"[[106   2]
 [  4  68]]"
2,densenet,0.9156010230179028,0.9708029197080292,0.9140893470790378,0.9415929203539823,0.7863247863247863,0.92,0.847926267281106,"[[ 92   8]
 [ 25 266]]",0.9888888888888889,1.0,0.9722222222222222,0.9859154929577464,0.9818181818181818,1.0,0.9908256880733944,"[[108   0]
 [  2  70]]"
3,densenet,0.9156010230179028,0.9742647058823529,0.9106529209621993,0.9413854351687388,0.7815126050420168,0.93,0.8493150684931506,"[[ 93   7]
 [ 26 265]]",0.9777777777777777,0.9857142857142858,0.9583333333333334,0.971830985915493,0.9727272727272728,0.9907407407407407,0.981651376146789,"[[107   1]
 [  3  69]]"
4,densenet,0.8976982097186701,0.9735849056603774,0.8865979381443299,0.9280575539568344,0.7380952380952381,0.93,0.8230088495575221,"[[ 93   7]
 [ 33 258]]",0.9833333333333333,1.0,0.9583333333333334,0.9787234042553191,0.972972972972973,1.0,0.9863013698630138,"[[108   0]
 [  3  69]]"
5,densenet,0.9104859335038363,0.9671532846715328,0.9106529209621993,0.9380530973451328,0.7777777777777778,0.91,0.8387096774193549,"[[ 91   9]
 [ 26 265]]",0.9722222222222222,0.958904109589041,0.9722222222222222,0.9655172413793104,0.9813084112149533,0.9722222222222222,0.9767441860465117,"[[105   3]
 [  2  70]]"
6,densenet,0.9130434782608695,0.9572953736654805,0.9243986254295533,0.9405594405594406,0.8,0.88,0.8380952380952381,"[[ 88  12]
 [ 22 269]]",0.9888888888888889,0.9861111111111112,0.9861111111111112,0.9861111111111112,0.9907407407407407,0.9907407407407407,0.9907407407407407,"[[107   1]
 [  1  71]]"
7,densenet,0.9130434782608695,0.9706959706959707,0.9106529209621993,0.9397163120567376,0.7796610169491526,0.92,0.8440366972477064,"[[ 92   8]
 [ 26 265]]",0.9888888888888889,0.9861111111111112,0.9861111111111112,0.9861111111111112,0.9907407407407407,0.9907407407407407,0.9907407407407407,"[[107   1]
 [  1  71]]"
8,densenet,0.9053708439897699,0.9738805970149254,0.8969072164948454,0.9338103756708408,0.7560975609756098,0.93,0.8340807174887893,"[[ 93   7]
 [ 30 261]]",0.9777777777777777,0.9857142857142858,0.9583333333333334,0.971830985915493,0.9727272727272728,0.9907407407407407,0.981651376146789,"[[107   1]
 [  3  69]]"
9,densenet,0.9104859335038363,0.9705882352941176,0.9072164948453608,0.9378330373001776,0.773109243697479,0.92,0.8401826484018265,"[[ 92   8]
 [ 27 264]]",0.9833333333333333,0.96,1.0,0.9795918367346939,1.0,0.9722222222222222,0.9859154929577464,"[[105   3]
 [  0  72]]"
10,densenet,0.9156010230179028,0.9708029197080292,0.9140893470790378,0.9415929203539823,0.7863247863247863,0.92,0.847926267281106,"[[ 92   8]
 [ 25 266]]",0.9833333333333333,1.0,0.9583333333333334,0.9787234042553191,0.972972972972973,1.0,0.9863013698630138,"[[108   0]
 [  3  69]]"
11,densenet,0.8797953964194374,0.9765625,0.8591065292096219,0.9140767824497257,0.6962962962962963,0.94,0.8,"[[ 94   6]
 [ 41 250]]",0.9888888888888889,0.9861111111111112,0.9861111111111112,0.9861111111111112,0.9907407407407407,0.9907407407407407,0.9907407407407407,"[[107   1]
 [  1  71]]"
12,densenet,0.907928388746803,0.9739776951672863,0.9003436426116839,0.9357142857142857,0.7622950819672131,0.93,0.8378378378378378,"[[ 93   7]
 [ 29 262]]",0.9555555555555556,0.9705882352941176,0.9166666666666666,0.9428571428571428,0.9464285714285714,0.9814814814814815,0.9636363636363636,"[[106   2]
 [  6  66]]"
13,densenet,0.9181585677749361,0.9575971731448764,0.9312714776632303,0.9442508710801395,0.8148148148148148,0.88,0.8461538461538461,"[[ 88  12]
 [ 20 271]]",0.9777777777777777,0.9594594594594594,0.9861111111111112,0.9726027397260274,0.9905660377358491,0.9722222222222222,0.9813084112149533,"[[105   3]
 [  1  71]]"
14,densenet,0.9130434782608695,0.9638989169675091,0.9175257731958762,0.9401408450704225,0.7894736842105263,0.9,0.8411214953271027,"[[ 90  10]
 [ 24 267]]",0.9666666666666667,0.9583333333333334,0.9583333333333334,0.9583333333333334,0.9722222222222222,0.9722222222222222,0.9722222222222222,"[[105   3]
 [  3  69]]"
15,densenet,0.9028132992327366,0.9737827715355806,0.8934707903780069,0.931899641577061,0.75,0.93,0.8303571428571428,"[[ 93   7]
 [ 31 260]]",0.9833333333333333,0.9726027397260274,0.9861111111111112,0.9793103448275863,0.9906542056074766,0.9814814814814815,0.986046511627907,"[[106   2]
 [  1  71]]"
16,densenet,0.9156010230179028,0.9708029197080292,0.9140893470790378,0.9415929203539823,0.7863247863247863,0.92,0.847926267281106,"[[ 92   8]
 [ 25 266]]",0.9666666666666667,0.9714285714285714,0.9444444444444444,0.9577464788732395,0.9636363636363636,0.9814814814814815,0.9724770642201834,"[[106   2]
 [  4  68]]"
17,densenet,0.9156010230179028,0.9708029197080292,0.9140893470790378,0.9415929203539823,0.7863247863247863,0.92,0.847926267281106,"[[ 92   8]
 [ 25 266]]",0.9888888888888889,0.972972972972973,1.0,0.9863013698630138,1.0,0.9814814814814815,0.9906542056074767,"[[106   2]
 [  0  72]]"
18,densenet,0.9181585677749361,0.9709090909090909,0.9175257731958762,0.9434628975265017,0.7931034482758621,0.92,0.851851851851852,"[[ 92   8]
 [ 24 267]]",0.9722222222222222,0.971830985915493,0.9583333333333334,0.965034965034965,0.9724770642201835,0.9814814814814815,0.9769585253456222,"[[106   2]
 [  3  69]]"
19,densenet,0.9130434782608695,0.9572953736654805,0.9243986254295533,0.9405594405594406,0.8,0.88,0.8380952380952381,"[[ 88  12]
 [ 22 269]]",0.9611111111111111,0.9452054794520548,0.9583333333333334,0.9517241379310345,0.9719626168224299,0.9629629629629629,0.9674418604651163,"[[104   4]
 [  3  69]]"
20,densenet,0.9156010230179028,0.9708029197080292,0.9140893470790378,0.9415929203539823,0.7863247863247863,0.92,0.847926267281106,"[[ 92   8]
 [ 25 266]]",0.9888888888888889,1.0,0.9722222222222222,0.9859154929577464,0.9818181818181818,1.0,0.9908256880733944,"[[108   0]
 [  2  70]]"
21,densenet,0.9156010230179028,0.9742647058823529,0.9106529209621993,0.9413854351687388,0.7815126050420168,0.93,0.8493150684931506,"[[ 93   7]
 [ 26 265]]",0.9888888888888889,0.972972972972973,1.0,0.9863013698630138,1.0,0.9814814814814815,0.9906542056074767,"[[106   2]
 [  0  72]]"
22,densenet,0.9130434782608695,0.9706959706959707,0.9106529209621993,0.9397163120567376,0.7796610169491526,0.92,0.8440366972477064,"[[ 92   8]
 [ 26 265]]",1.0,1.0,1.0,1.0,1.0,1.0,1.0,"[[108   0]
 [  0  72]]"
23,densenet,0.9156010230179028,0.9708029197080292,0.9140893470790378,0.9415929203539823,0.7863247863247863,0.92,0.847926267281106,"[[ 92   8]
 [ 25 266]]",0.9777777777777777,0.9722222222222222,0.9722222222222222,0.9722222222222222,0.9814814814814815,0.9814814814814815,0.9814814814814815,"[[106   2]
 [  2  70]]"
24,densenet,0.9181585677749361,0.9709090909090909,0.9175257731958762,0.9434628975265017,0.7931034482758621,0.92,0.851851851851852,"[[ 92   8]
 [ 24 267]]",0.9720670391061452,0.9714285714285714,0.9577464788732394,0.9645390070921985,0.9724770642201835,0.9814814814814815,0.9769585253456222,"[[106   2]
 [  3  68]]"
25,densenet,0.9156010230179028,0.9708029197080292,0.9140893470790378,0.9415929203539823,0.7863247863247863,0.92,0.847926267281106,"[[ 92   8]
 [ 25 266]]",0.9832402234636871,0.9857142857142858,0.971830985915493,0.9787234042553192,0.981651376146789,0.9907407407407407,0.9861751152073732,"[[107   1]
 [  2  69]]"
26,densenet,0.9130434782608695,0.9638989169675091,0.9175257731958762,0.9401408450704225,0.7894736842105263,0.9,0.8411214953271027,"[[ 90  10]
 [ 24 267]]",0.9720670391061452,0.958904109589041,0.9722222222222222,0.9655172413793104,0.9811320754716981,0.9719626168224299,0.9765258215962441,"[[104   3]
 [  2  70]]"
27,densenet,0.9156010230179028,0.9708029197080292,0.9140893470790378,0.9415929203539823,0.7863247863247863,0.92,0.847926267281106,"[[ 92   8]
 [ 25 266]]",0.9888268156424581,0.9861111111111112,0.9861111111111112,0.9861111111111112,0.9906542056074766,0.9906542056074766,0.9906542056074766,"[[106   1]
 [  1  71]]"
28,densenet,0.9156010230179028,0.9742647058823529,0.9106529209621993,0.9413854351687388,0.7815126050420168,0.93,0.8493150684931506,"[[ 93   7]
 [ 26 265]]",0.9888268156424581,0.9861111111111112,0.9861111111111112,0.9861111111111112,0.9906542056074766,0.9906542056074766,0.9906542056074766,"[[106   1]
 [  1  71]]"
29,densenet,0.9156010230179028,0.9574468085106383,0.9278350515463918,0.9424083769633509,0.8073394495412844,0.88,0.8421052631578948,"[[ 88  12]
 [ 21 270]]",0.9832402234636871,0.9726027397260274,0.9861111111111112,0.9793103448275863,0.9905660377358491,0.9813084112149533,0.9859154929577464,"[[105   2]
 [  1  71]]"
0,densenet_gauss,0.9002557544757033,0.9883720930232558,0.8762886597938144,0.9289617486338797,0.7293233082706767,0.97,0.832618025751073,"[[ 97   3]
 [ 36 255]]",0.9666666666666667,0.9714285714285714,0.9444444444444444,0.9577464788732395,0.9636363636363636,0.9814814814814815,0.9724770642201834,"[[212   4]
 [  8 136]]"
1,densenet_gauss,0.9207161125319693,0.9814814814814815,0.9106529209621993,0.9447415329768272,0.7851239669421488,0.95,0.8597285067873304,"[[ 95   5]
 [ 26 265]]",0.9833333333333333,0.9791666666666666,0.9791666666666666,0.9791666666666666,0.9861111111111112,0.9861111111111112,0.9861111111111112,"[[213   3]
 [  3 141]]"
2,densenet_gauss,0.9232736572890026,0.981549815498155,0.9140893470790378,0.9466192170818506,0.7916666666666666,0.95,0.8636363636363635,"[[ 95   5]
 [ 25 266]]",0.9638888888888889,0.9517241379310345,0.9583333333333334,0.9550173010380624,0.9720930232558139,0.9675925925925926,0.9698375870069605,"[[209   7]
 [  6 138]]"
3,densenet_gauss,0.9156010230179028,0.9886363636363636,0.8969072164948454,0.9405405405405405,0.7637795275590551,0.97,0.8546255506607929,"[[ 97   3]
 [ 30 261]]",0.9472222222222222,0.9432624113475178,0.9236111111111112,0.9333333333333333,0.9497716894977168,0.9629629629629629,0.9563218390804599,"[[208   8]
 [ 11 133]]"
4,densenet_gauss,0.9258312020460358,0.9888059701492538,0.9106529209621993,0.9481216457960643,0.7886178861788617,0.97,0.8699551569506726,"[[ 97   3]
 [ 26 265]]",0.9694444444444444,0.9586206896551724,0.9652777777777778,0.9619377162629758,0.9767441860465116,0.9722222222222222,0.9744779582366588,"[[210   6]
 [  5 139]]"
5,densenet_gauss,0.9232736572890026,0.9851301115241635,0.9106529209621993,0.9464285714285714,0.7868852459016393,0.96,0.8648648648648649,"[[ 96   4]
 [ 26 265]]",0.9638888888888889,0.9712230215827338,0.9375,0.9540636042402827,0.9592760180995475,0.9814814814814815,0.9702517162471396,"[[212   4]
 [  9 135]]"
6,densenet_gauss,0.9258312020460358,0.9888059701492538,0.9106529209621993,0.9481216457960643,0.7886178861788617,0.97,0.8699551569506726,"[[ 97   3]
 [ 26 265]]",0.9666666666666667,0.9583333333333334,0.9583333333333334,0.9583333333333334,0.9722222222222222,0.9722222222222222,0.9722222222222222,"[[210   6]
 [  6 138]]"
7,densenet_gauss,0.9232736572890026,0.9887640449438202,0.9072164948453608,0.9462365591397849,0.782258064516129,0.97,0.8660714285714286,"[[ 97   3]
 [ 27 264]]",0.975,0.972027972027972,0.9652777777777778,0.9686411149825783,0.9769585253456221,0.9814814814814815,0.9792147806004619,"[[212   4]
 [  5 139]]"
8,densenet_gauss,0.9207161125319693,0.9887218045112782,0.9037800687285223,0.9443447037701974,0.776,0.97,0.8622222222222223,"[[ 97   3]
 [ 28 263]]",0.9805555555555555,0.9790209790209791,0.9722222222222222,0.975609756097561,0.9815668202764977,0.9861111111111112,0.9838337182448037,"[[213   3]
 [  4 140]]"
9,densenet_gauss,0.9053708439897699,0.9884615384615385,0.8831615120274914,0.9328493647912885,0.7404580152671756,0.97,0.8398268398268398,"[[ 97   3]
 [ 34 257]]",0.9666666666666667,0.9583333333333334,0.9583333333333334,0.9583333333333334,0.9722222222222222,0.9722222222222222,0.9722222222222222,"[[210   6]
 [  6 138]]"
10,densenet_gauss,0.9258312020460358,0.9888059701492538,0.9106529209621993,0.9481216457960643,0.7886178861788617,0.97,0.8699551569506726,"[[ 97   3]
 [ 26 265]]",0.9638888888888889,0.9645390070921985,0.9444444444444444,0.9543859649122808,0.9634703196347032,0.9768518518518519,0.9701149425287355,"[[211   5]
 [  8 136]]"
11,densenet_gauss,0.9130434782608695,0.9885931558935361,0.8934707903780069,0.9386281588447654,0.7578125,0.97,0.8508771929824562,"[[ 97   3]
 [ 31 260]]",0.9638888888888889,0.9712230215827338,0.9375,0.9540636042402827,0.9592760180995475,0.9814814814814815,0.9702517162471396,"[[212   4]
 [  9 135]]"
12,densenet_gauss,0.9002557544757033,0.9883720930232558,0.8762886597938144,0.9289617486338797,0.7293233082706767,0.97,0.832618025751073,"[[ 97   3]
 [ 36 255]]",0.9722222222222222,0.9926470588235294,0.9375,0.9642857142857143,0.9598214285714286,0.9953703703703703,0.9772727272727272,"[[215   1]
 [  9 135]]"
13,densenet_gauss,0.9232736572890026,0.9851301115241635,0.9106529209621993,0.9464285714285714,0.7868852459016393,0.96,0.8648648648648649,"[[ 96   4]
 [ 26 265]]",0.9694444444444444,0.9784172661870504,0.9444444444444444,0.96113074204947,0.9638009049773756,0.9861111111111112,0.9748283752860412,"[[213   3]
 [  8 136]]"
14,densenet_gauss,0.9232736572890026,0.9851301115241635,0.9106529209621993,0.9464285714285714,0.7868852459016393,0.96,0.8648648648648649,"[[ 96   4]
 [ 26 265]]",0.9638888888888889,0.9455782312925171,0.9652777777777778,0.9553264604810997,0.9765258215962441,0.9629629629629629,0.9696969696969696,"[[208   8]
 [  5 139]]"
15,densenet_gauss,0.9207161125319693,0.9814814814814815,0.9106529209621993,0.9447415329768272,0.7851239669421488,0.95,0.8597285067873304,"[[ 95   5]
 [ 26 265]]",0.9555555555555556,0.9571428571428572,0.9305555555555556,0.943661971830986,0.9545454545454546,0.9722222222222222,0.963302752293578,"[[210   6]
 [ 10 134]]"
16,densenet_gauss,0.9232736572890026,0.9887640449438202,0.9072164948453608,0.9462365591397849,0.782258064516129,0.97,0.8660714285714286,"[[ 97   3]
 [ 27 264]]",0.9666666666666667,0.9782608695652174,0.9375,0.9574468085106383,0.9594594594594594,0.9861111111111112,0.9726027397260274,"[[213   3]
 [  9 135]]"
17,densenet_gauss,0.9156010230179028,0.9886363636363636,0.8969072164948454,0.9405405405405405,0.7637795275590551,0.97,0.8546255506607929,"[[ 97   3]
 [ 30 261]]",0.9638888888888889,0.958041958041958,0.9513888888888888,0.9547038327526133,0.967741935483871,0.9722222222222222,0.9699769053117783,"[[210   6]
 [  7 137]]"
18,densenet_gauss,0.9104859335038363,0.9885496183206107,0.8900343642611683,0.9367088607594937,0.751937984496124,0.97,0.8471615720524017,"[[ 97   3]
 [ 32 259]]",0.9832869080779945,0.9724137931034482,0.986013986013986,0.9791666666666666,0.9906542056074766,0.9814814814814815,0.986046511627907,"[[212   4]
 [  2 141]]"
19,densenet_gauss,0.9104859335038363,0.9885496183206107,0.8900343642611683,0.9367088607594937,0.751937984496124,0.97,0.8471615720524017,"[[ 97   3]
 [ 32 259]]",0.9721448467966574,0.9716312056737588,0.958041958041958,0.9647887323943661,0.9724770642201835,0.9814814814814815,0.9769585253456222,"[[212   4]
 [  6 137]]"
20,densenet_gauss,0.9258312020460358,0.9888059701492538,0.9106529209621993,0.9481216457960643,0.7886178861788617,0.97,0.8699551569506726,"[[ 97   3]
 [ 26 265]]",0.958217270194986,0.9848484848484849,0.9090909090909091,0.9454545454545453,0.9427312775330396,0.9907407407407407,0.9661399548532731,"[[214   2]
 [ 13 130]]"
21,densenet_gauss,0.9156010230179028,0.9886363636363636,0.8969072164948454,0.9405405405405405,0.7637795275590551,0.97,0.8546255506607929,"[[ 97   3]
 [ 30 261]]",0.9749303621169917,0.9785714285714285,0.958041958041958,0.9681978798586572,0.9726027397260274,0.9861111111111112,0.9793103448275863,"[[213   3]
 [  6 137]]"
22,densenet_gauss,0.9207161125319693,0.9814814814814815,0.9106529209621993,0.9447415329768272,0.7851239669421488,0.95,0.8597285067873304,"[[ 95   5]
 [ 26 265]]",0.9637883008356546,0.9712230215827338,0.9375,0.9540636042402827,0.9590909090909091,0.9813953488372092,0.9701149425287356,"[[211   4]
 [  9 135]]"
23,densenet_gauss,0.9232736572890026,0.9851301115241635,0.9106529209621993,0.9464285714285714,0.7868852459016393,0.96,0.8648648648648649,"[[ 96   4]
 [ 26 265]]",0.9888579387186629,0.9861111111111112,0.9861111111111112,0.9861111111111112,0.9906976744186047,0.9906976744186047,0.9906976744186047,"[[213   2]
 [  2 142]]"
24,densenet_gauss,0.9207161125319693,0.9814814814814815,0.9106529209621993,0.9447415329768272,0.7851239669421488,0.95,0.8597285067873304,"[[ 95   5]
 [ 26 265]]",0.9721448467966574,0.9855072463768116,0.9444444444444444,0.9645390070921985,0.9638009049773756,0.9906976744186047,0.9770642201834864,"[[213   2]
 [  8 136]]"
25,densenet_gauss,0.9207161125319693,0.9814814814814815,0.9106529209621993,0.9447415329768272,0.7851239669421488,0.95,0.8597285067873304,"[[ 95   5]
 [ 26 265]]",0.9777158774373259,0.9788732394366197,0.9652777777777778,0.972027972027972,0.9769585253456221,0.986046511627907,0.9814814814814816,"[[212   3]
 [  5 139]]"
26,densenet_gauss,0.9258312020460358,0.9888059701492538,0.9106529209621993,0.9481216457960643,0.7886178861788617,0.97,0.8699551569506726,"[[ 97   3]
 [ 26 265]]",0.9749303621169917,0.9856115107913669,0.9513888888888888,0.9681978798586571,0.9681818181818181,0.9906976744186047,0.9793103448275863,"[[213   2]
 [  7 137]]"
27,densenet_gauss,0.9232736572890026,0.981549815498155,0.9140893470790378,0.9466192170818506,0.7916666666666666,0.95,0.8636363636363635,"[[ 95   5]
 [ 25 266]]",0.9637883008356546,0.9851851851851852,0.9236111111111112,0.953405017921147,0.9508928571428571,0.9906976744186047,0.9703872437357631,"[[213   2]
 [ 11 133]]"
28,densenet_gauss,0.9258312020460358,0.9888059701492538,0.9106529209621993,0.9481216457960643,0.7886178861788617,0.97,0.8699551569506726,"[[ 97   3]
 [ 26 265]]",0.9693593314763231,0.9586206896551724,0.9652777777777778,0.9619377162629758,0.9766355140186916,0.9720930232558139,0.9743589743589743,"[[209   6]
 [  5 139]]"
29,densenet_gauss,0.9207161125319693,0.9814814814814815,0.9106529209621993,0.9447415329768272,0.7851239669421488,0.95,0.8597285067873304,"[[ 95   5]
 [ 26 265]]",0.9610027855153204,0.9577464788732394,0.9444444444444444,0.951048951048951,0.9631336405529954,0.9720930232558139,0.9675925925925927,"[[209   6]
 [  8 136]]"
0,mobilenet,0.8516624040920716,0.9915611814345991,0.8075601374570447,0.8901515151515152,0.6363636363636364,0.98,0.7716535433070867,"[[ 98   2]
 [ 56 235]]",0.9444444444444444,1.0,0.8611111111111112,0.9253731343283582,0.9152542372881356,1.0,0.9557522123893806,"[[108   0]
 [ 10  62]]"
1,mobilenet,0.9053708439897699,0.9669117647058824,0.9037800687285223,0.9342806394316163,0.7647058823529411,0.91,0.8310502283105021,"[[ 91   9]
 [ 28 263]]",0.9555555555555556,0.9571428571428572,0.9305555555555556,0.943661971830986,0.9545454545454546,0.9722222222222222,0.963302752293578,"[[105   3]
 [  5  67]]"
2,mobilenet,0.8797953964194374,0.988,0.8487972508591065,0.9131238447319778,0.6879432624113475,0.97,0.8049792531120332,"[[ 97   3]
 [ 44 247]]",0.9777777777777777,0.9722222222222222,0.9722222222222222,0.9722222222222222,0.9814814814814815,0.9814814814814815,0.9814814814814815,"[[106   2]
 [  2  70]]"
3,mobilenet,0.8618925831202046,0.9876543209876543,0.8247422680412371,0.898876404494382,0.6554054054054054,0.97,0.7822580645161289,"[[ 97   3]
 [ 51 240]]",0.9777777777777777,0.9857142857142858,0.9583333333333334,0.971830985915493,0.9727272727272728,0.9907407407407407,0.981651376146789,"[[107   1]
 [  3  69]]"
4,mobilenet,0.9028132992327366,0.9737827715355806,0.8934707903780069,0.931899641577061,0.75,0.93,0.8303571428571428,"[[ 93   7]
 [ 31 260]]",0.9666666666666667,0.9714285714285714,0.9444444444444444,0.9577464788732395,0.9636363636363636,0.9814814814814815,0.9724770642201834,"[[106   2]
 [  4  68]]"
5,mobilenet,0.8772378516624041,0.9840637450199203,0.8487972508591065,0.9114391143911438,0.6857142857142857,0.96,0.7999999999999999,"[[ 96   4]
 [ 44 247]]",0.9666666666666667,0.9714285714285714,0.9444444444444444,0.9577464788732395,0.9636363636363636,0.9814814814814815,0.9724770642201834,"[[106   2]
 [  4  68]]"
6,mobilenet,0.8951406649616368,0.9844961240310077,0.872852233676976,0.9253187613843351,0.7218045112781954,0.96,0.8240343347639485,"[[ 96   4]
 [ 37 254]]",0.9666666666666667,0.9714285714285714,0.9444444444444444,0.9577464788732395,0.9636363636363636,0.9814814814814815,0.9724770642201834,"[[106   2]
 [  4  68]]"
7,mobilenet,0.8849104859335039,0.984251968503937,0.8591065292096219,0.9174311926605504,0.7007299270072993,0.96,0.8101265822784811,"[[ 96   4]
 [ 41 250]]",0.9277777777777778,0.8734177215189873,0.9583333333333334,0.913907284768212,0.9702970297029703,0.9074074074074074,0.937799043062201,"[[98 10]
 [ 3 69]]"
8,mobilenet,0.9028132992327366,0.9147540983606557,0.9587628865979382,0.9362416107382551,0.8604651162790697,0.74,0.7956989247311828,"[[ 74  26]
 [ 12 279]]",0.9277777777777778,0.8641975308641975,0.9722222222222222,0.9150326797385621,0.9797979797979798,0.8981481481481481,0.9371980676328502,"[[97 11]
 [ 2 70]]"
9,mobilenet,0.7774936061381074,1.0,0.7010309278350515,0.8242424242424242,0.5347593582887701,1.0,0.6968641114982579,"[[100   0]
 [ 87 204]]",0.9388888888888889,0.9692307692307692,0.875,0.9197080291970802,0.9217391304347826,0.9814814814814815,0.9506726457399104,"[[106   2]
 [  9  63]]"
10,mobilenet,0.8900255754475703,0.9806201550387597,0.8694158075601375,0.9216757741347905,0.7142857142857143,0.95,0.8154506437768242,"[[ 95   5]
 [ 38 253]]",0.95,0.9436619718309859,0.9305555555555556,0.9370629370629372,0.9541284403669725,0.9629629629629629,0.9585253456221199,"[[104   4]
 [  5  67]]"
11,mobilenet,0.8772378516624041,0.9840637450199203,0.8487972508591065,0.9114391143911438,0.6857142857142857,0.96,0.7999999999999999,"[[ 96   4]
 [ 44 247]]",0.9277777777777778,0.927536231884058,0.8888888888888888,0.9078014184397163,0.9279279279279279,0.9537037037037037,0.9406392694063928,"[[103   5]
 [  8  64]]"
12,mobilenet,0.8746803069053708,0.991869918699187,0.8384879725085911,0.9087523277467412,0.6758620689655173,0.98,0.8,"[[ 98   2]
 [ 47 244]]",0.9444444444444444,0.9558823529411765,0.9027777777777778,0.9285714285714286,0.9375,0.9722222222222222,0.9545454545454546,"[[105   3]
 [  7  65]]"
13,mobilenet,0.9028132992327366,0.9809885931558935,0.8865979381443299,0.9314079422382671,0.7421875,0.95,0.8333333333333334,"[[ 95   5]
 [ 33 258]]",0.9555555555555556,0.9444444444444444,0.9444444444444444,0.9444444444444444,0.9629629629629629,0.9629629629629629,0.9629629629629629,"[[104   4]
 [  4  68]]"
14,mobilenet,0.8414322250639387,0.9914163090128756,0.7938144329896907,0.8816793893129771,0.620253164556962,0.98,0.7596899224806202,"[[ 98   2]
 [ 60 231]]",0.9833333333333333,0.9859154929577465,0.9722222222222222,0.979020979020979,0.981651376146789,0.9907407407407407,0.9861751152073732,"[[107   1]
 [  2  70]]"
15,mobilenet,0.8900255754475703,0.9806201550387597,0.8694158075601375,0.9216757741347905,0.7142857142857143,0.95,0.8154506437768242,"[[ 95   5]
 [ 38 253]]",0.9388888888888889,0.9295774647887324,0.9166666666666666,0.9230769230769231,0.944954128440367,0.9537037037037037,0.9493087557603688,"[[103   5]
 [  6  66]]"
16,mobilenet,0.907928388746803,0.9537366548042705,0.9209621993127147,0.9370629370629371,0.7909090909090909,0.87,0.8285714285714286,"[[ 87  13]
 [ 23 268]]",0.9722222222222222,0.971830985915493,0.9583333333333334,0.965034965034965,0.9724770642201835,0.9814814814814815,0.9769585253456222,"[[106   2]
 [  3  69]]"
17,mobilenet,0.8567774936061381,0.9916317991631799,0.8144329896907216,0.8943396226415095,0.6447368421052632,0.98,0.7777777777777777,"[[ 98   2]
 [ 54 237]]",0.9222222222222223,0.9833333333333333,0.8194444444444444,0.893939393939394,0.8916666666666667,0.9907407407407407,0.9385964912280701,"[[107   1]
 [ 13  59]]"
18,mobilenet,0.9053708439897699,0.9669117647058824,0.9037800687285223,0.9342806394316163,0.7647058823529411,0.91,0.8310502283105021,"[[ 91   9]
 [ 28 263]]",0.9333333333333333,0.9054054054054054,0.9305555555555556,0.9178082191780821,0.9528301886792453,0.9351851851851852,0.9439252336448598,"[[101   7]
 [  5  67]]"
19,mobilenet,0.8286445012787724,0.9912280701754386,0.7766323024054983,0.8709055876685934,0.6012269938650306,0.98,0.7452471482889732,"[[ 98   2]
 [ 65 226]]",0.9,0.9821428571428571,0.7638888888888888,0.8593749999999999,0.8629032258064516,0.9907407407407407,0.9224137931034482,"[[107   1]
 [ 17  55]]"
20,mobilenet,0.8976982097186701,0.9342560553633218,0.9278350515463918,0.9310344827586208,0.7941176470588235,0.81,0.801980198019802,"[[ 81  19]
 [ 21 270]]",0.9555555555555556,0.9102564102564102,0.9861111111111112,0.9466666666666667,0.9901960784313726,0.9351851851851852,0.961904761904762,"[[101   7]
 [  1  71]]"
21,mobilenet,0.8951406649616368,0.9664179104477612,0.8900343642611683,0.926654740608229,0.7398373983739838,0.91,0.8161434977578476,"[[ 91   9]
 [ 32 259]]",0.9555555555555556,0.9210526315789473,0.9722222222222222,0.9459459459459458,0.9807692307692307,0.9444444444444444,0.9622641509433962,"[[102   6]
 [  2  70]]"
22,mobilenet,0.8542199488491049,0.9875,0.8144329896907216,0.8926553672316384,0.6423841059602649,0.97,0.7729083665338645,"[[ 97   3]
 [ 54 237]]",0.9388888888888889,0.9692307692307692,0.875,0.9197080291970802,0.9217391304347826,0.9814814814814815,0.9506726457399104,"[[106   2]
 [  9  63]]"
23,mobilenet,0.8823529411764706,0.9919678714859438,0.8487972508591065,0.9148148148148147,0.6901408450704225,0.98,0.8099173553719008,"[[ 98   2]
 [ 44 247]]",0.9444444444444444,0.9305555555555556,0.9305555555555556,0.9305555555555556,0.9537037037037037,0.9537037037037037,0.9537037037037037,"[[103   5]
 [  5  67]]"
24,mobilenet,0.8491048593350383,0.9915254237288136,0.8041237113402062,0.888045540796964,0.632258064516129,0.98,0.7686274509803921,"[[ 98   2]
 [ 57 234]]",0.9553072625698324,1.0,0.8888888888888888,0.9411764705882353,0.9304347826086956,1.0,0.9639639639639639,"[[107   0]
 [  8  64]]"
25,mobilenet,0.8567774936061381,0.9916317991631799,0.8144329896907216,0.8943396226415095,0.6447368421052632,0.98,0.7777777777777777,"[[ 98   2]
 [ 54 237]]",0.9329608938547486,0.96875,0.8611111111111112,0.911764705882353,0.9130434782608695,0.9813084112149533,0.9459459459459459,"[[105   2]
 [ 10  62]]"
26,mobilenet,0.8900255754475703,0.9769230769230769,0.872852233676976,0.9219600725952812,0.7175572519083969,0.94,0.8138528138528137,"[[ 94   6]
 [ 37 254]]",0.9664804469273743,0.9714285714285714,0.9444444444444444,0.9577464788732395,0.963302752293578,0.9813084112149533,0.9722222222222222,"[[105   2]
 [  4  68]]"
27,mobilenet,0.907928388746803,0.9739776951672863,0.9003436426116839,0.9357142857142857,0.7622950819672131,0.93,0.8378378378378378,"[[ 93   7]
 [ 29 262]]",0.9720670391061452,0.958904109589041,0.9722222222222222,0.9655172413793104,0.9811320754716981,0.9719626168224299,0.9765258215962441,"[[104   3]
 [  2  70]]"
28,mobilenet,0.907928388746803,0.9602888086642599,0.9140893470790378,0.9366197183098591,0.7807017543859649,0.89,0.8317757009345794,"[[ 89  11]
 [ 25 266]]",0.9608938547486033,0.9102564102564102,1.0,0.953020134228188,1.0,0.9351851851851852,0.9665071770334929,"[[101   7]
 [  0  71]]"
29,mobilenet,0.8081841432225064,0.9954128440366973,0.7457044673539519,0.8526522593320235,0.5722543352601156,0.99,0.7252747252747254,"[[ 99   1]
 [ 74 217]]",0.9162011173184358,1.0,0.7887323943661971,0.8818897637795275,0.8780487804878049,1.0,0.9350649350649352,"[[108   0]
 [ 15  56]]"
0,mobilenet_gauss,0.8951406649616368,0.9664179104477612,0.8900343642611683,0.926654740608229,0.7398373983739838,0.91,0.8161434977578476,"[[ 91   9]
 [ 32 259]]",0.9333333333333333,0.9,0.9375,0.9183673469387755,0.9571428571428572,0.9305555555555556,0.943661971830986,"[[201  15]
 [  9 135]]"
1,mobilenet_gauss,0.8670076726342711,0.9760956175298805,0.8419243986254296,0.9040590405904059,0.6714285714285714,0.94,0.7833333333333332,"[[ 94   6]
 [ 46 245]]",0.9333333333333333,0.9545454545454546,0.875,0.9130434782608695,0.9210526315789473,0.9722222222222222,0.9459459459459458,"[[210   6]
 [ 18 126]]"
2,mobilenet_gauss,0.8721227621483376,0.9725490196078431,0.852233676975945,0.9084249084249084,0.6838235294117647,0.93,0.788135593220339,"[[ 93   7]
 [ 43 248]]",0.9361111111111111,0.935251798561151,0.9027777777777778,0.9187279151943463,0.9366515837104072,0.9583333333333334,0.9473684210526316,"[[207   9]
 [ 14 130]]"
3,mobilenet_gauss,0.8721227621483376,0.9762845849802372,0.8487972508591065,0.9080882352941176,0.6811594202898551,0.94,0.7899159663865546,"[[ 94   6]
 [ 44 247]]",0.9444444444444444,0.9428571428571428,0.9166666666666666,0.9295774647887323,0.9454545454545454,0.9629629629629629,0.9541284403669724,"[[208   8]
 [ 12 132]]"
4,mobilenet_gauss,0.8823529411764706,0.9693486590038314,0.8694158075601375,0.9166666666666666,0.7076923076923077,0.92,0.8,"[[ 92   8]
 [ 38 253]]",0.9222222222222223,0.9264705882352942,0.875,0.9,0.9196428571428571,0.9537037037037037,0.9363636363636363,"[[206  10]
 [ 18 126]]"
5,mobilenet_gauss,0.8670076726342711,0.9760956175298805,0.8419243986254296,0.9040590405904059,0.6714285714285714,0.94,0.7833333333333332,"[[ 94   6]
 [ 46 245]]",0.9222222222222223,0.9328358208955224,0.8680555555555556,0.8992805755395685,0.915929203539823,0.9583333333333334,0.9366515837104071,"[[207   9]
 [ 19 125]]"
6,mobilenet_gauss,0.8823529411764706,0.9693486590038314,0.8694158075601375,0.9166666666666666,0.7076923076923077,0.92,0.8,"[[ 92   8]
 [ 38 253]]",0.9166666666666666,0.9014084507042254,0.8888888888888888,0.8951048951048951,0.926605504587156,0.9351851851851852,0.9308755760368663,"[[202  14]
 [ 16 128]]"
7,mobilenet_gauss,0.8721227621483376,0.9762845849802372,0.8487972508591065,0.9080882352941176,0.6811594202898551,0.94,0.7899159663865546,"[[ 94   6]
 [ 44 247]]",0.9,0.9090909090909091,0.8333333333333334,0.8695652173913043,0.8947368421052632,0.9444444444444444,0.918918918918919,"[[204  12]
 [ 24 120]]"
8,mobilenet_gauss,0.8721227621483376,0.9688715953307393,0.8556701030927835,0.9087591240875912,0.6865671641791045,0.92,0.7863247863247863,"[[ 92   8]
 [ 42 249]]",0.9444444444444444,0.9428571428571428,0.9166666666666666,0.9295774647887323,0.9454545454545454,0.9629629629629629,0.9541284403669724,"[[208   8]
 [ 12 132]]"
9,mobilenet_gauss,0.8516624040920716,0.983402489626556,0.8144329896907216,0.8909774436090225,0.64,0.96,0.7679999999999999,"[[ 96   4]
 [ 54 237]]",0.9194444444444444,0.9197080291970803,0.875,0.896797153024911,0.9192825112107623,0.9490740740740741,0.9339407744874715,"[[205  11]
 [ 18 126]]"
10,mobilenet_gauss,0.8721227621483376,0.9762845849802372,0.8487972508591065,0.9080882352941176,0.6811594202898551,0.94,0.7899159663865546,"[[ 94   6]
 [ 44 247]]",0.9333333333333333,0.8947368421052632,0.9444444444444444,0.918918918918919,0.9615384615384616,0.9259259259259259,0.9433962264150944,"[[200  16]
 [  8 136]]"
11,mobilenet_gauss,0.8823529411764706,0.9693486590038314,0.8694158075601375,0.9166666666666666,0.7076923076923077,0.92,0.8,"[[ 92   8]
 [ 38 253]]",0.9222222222222223,0.9027777777777778,0.9027777777777778,0.9027777777777778,0.9351851851851852,0.9351851851851852,0.9351851851851852,"[[202  14]
 [ 14 130]]"
12,mobilenet_gauss,0.8721227621483376,0.9762845849802372,0.8487972508591065,0.9080882352941176,0.6811594202898551,0.94,0.7899159663865546,"[[ 94   6]
 [ 44 247]]",0.9472222222222222,0.9844961240310077,0.8819444444444444,0.9304029304029303,0.9264069264069265,0.9907407407407407,0.9574944071588366,"[[214   2]
 [ 17 127]]"
13,mobilenet_gauss,0.8772378516624041,0.9691119691119691,0.8625429553264605,0.9127272727272727,0.696969696969697,0.92,0.793103448275862,"[[ 92   8]
 [ 40 251]]",0.9388888888888889,0.9621212121212122,0.8819444444444444,0.9202898550724637,0.9254385964912281,0.9768518518518519,0.9504504504504505,"[[211   5]
 [ 17 127]]"
14,mobilenet_gauss,0.8644501278772379,0.976,0.8384879725085911,0.9020332717190388,0.6666666666666666,0.94,0.7800829875518672,"[[ 94   6]
 [ 47 244]]",0.9361111111111111,0.9416058394160584,0.8958333333333334,0.9181494661921709,0.9327354260089686,0.9629629629629629,0.9476082004555809,"[[208   8]
 [ 15 129]]"
15,mobilenet_gauss,0.8849104859335039,0.9694656488549618,0.872852233676976,0.918625678119349,0.7131782945736435,0.92,0.8034934497816594,"[[ 92   8]
 [ 37 254]]",0.9361111111111111,0.9230769230769231,0.9166666666666666,0.9198606271777002,0.9447004608294931,0.9490740740740741,0.9468822170900693,"[[205  11]
 [ 12 132]]"
16,mobilenet_gauss,0.8746803069053708,0.97265625,0.8556701030927835,0.9104204753199268,0.6888888888888889,0.93,0.7914893617021278,"[[ 93   7]
 [ 42 249]]",0.9416666666666667,0.9241379310344827,0.9305555555555556,0.9273356401384083,0.9534883720930233,0.9490740740740741,0.951276102088167,"[[205  11]
 [ 10 134]]"
17,mobilenet_gauss,0.8746803069053708,0.97265625,0.8556701030927835,0.9104204753199268,0.6888888888888889,0.93,0.7914893617021278,"[[ 93   7]
 [ 42 249]]",0.9388888888888889,0.9420289855072463,0.9027777777777778,0.9219858156028369,0.9369369369369369,0.9629629629629629,0.9497716894977168,"[[208   8]
 [ 14 130]]"
18,mobilenet_gauss,0.8721227621483376,0.9725490196078431,0.852233676975945,0.9084249084249084,0.6838235294117647,0.93,0.788135593220339,"[[ 93   7]
 [ 43 248]]",0.9080779944289693,0.9296875,0.8321678321678322,0.8782287822878229,0.8961038961038961,0.9583333333333334,0.9261744966442952,"[[207   9]
 [ 24 119]]"
19,mobilenet_gauss,0.8823529411764706,0.972972972972973,0.865979381443299,0.9163636363636364,0.7045454545454546,0.93,0.8017241379310345,"[[ 93   7]
 [ 39 252]]",0.8969359331476323,0.863013698630137,0.8811188811188811,0.8719723183391003,0.92018779342723,0.9074074074074074,0.9137529137529138,"[[196  20]
 [ 17 126]]"
20,mobilenet_gauss,0.8644501278772379,0.976,0.8384879725085911,0.9020332717190388,0.6666666666666666,0.94,0.7800829875518672,"[[ 94   6]
 [ 47 244]]",0.9303621169916435,0.9097222222222222,0.916083916083916,0.9128919860627178,0.9441860465116279,0.9398148148148148,0.9419953596287703,"[[203  13]
 [ 12 131]]"
21,mobilenet_gauss,0.887468030690537,0.9731800766283525,0.872852233676976,0.9202898550724639,0.7153846153846154,0.93,0.8086956521739131,"[[ 93   7]
 [ 37 254]]",0.924791086350975,0.9202898550724637,0.8881118881118881,0.903914590747331,0.9276018099547512,0.9490740740740741,0.9382151029748284,"[[205  11]
 [ 16 127]]"
22,mobilenet_gauss,0.8746803069053708,0.97265625,0.8556701030927835,0.9104204753199268,0.6888888888888889,0.93,0.7914893617021278,"[[ 93   7]
 [ 42 249]]",0.9108635097493036,0.9,0.875,0.8873239436619719,0.9178082191780822,0.9348837209302325,0.9262672811059907,"[[201  14]
 [ 18 126]]"
23,mobilenet_gauss,0.8772378516624041,0.9727626459143969,0.8591065292096219,0.9124087591240876,0.6940298507462687,0.93,0.7948717948717949,"[[ 93   7]
 [ 41 250]]",0.9303621169916435,0.916083916083916,0.9097222222222222,0.9128919860627178,0.9398148148148148,0.9441860465116279,0.9419953596287703,"[[203  12]
 [ 13 131]]"
24,mobilenet_gauss,0.8670076726342711,0.9760956175298805,0.8419243986254296,0.9040590405904059,0.6714285714285714,0.94,0.7833333333333332,"[[ 94   6]
 [ 46 245]]",0.9080779944289693,0.9172932330827067,0.8472222222222222,0.8808664259927798,0.9026548672566371,0.9488372093023256,0.9251700680272109,"[[204  11]
 [ 22 122]]"
25,mobilenet_gauss,0.8772378516624041,0.9691119691119691,0.8625429553264605,0.9127272727272727,0.696969696969697,0.92,0.793103448275862,"[[ 92   8]
 [ 40 251]]",0.9220055710306406,0.9264705882352942,0.875,0.9,0.9192825112107623,0.9534883720930233,0.9360730593607306,"[[205  10]
 [ 18 126]]"
26,mobilenet_gauss,0.8746803069053708,0.97265625,0.8556701030927835,0.9104204753199268,0.6888888888888889,0.93,0.7914893617021278,"[[ 93   7]
 [ 42 249]]",0.9275766016713092,0.9214285714285714,0.8958333333333334,0.9084507042253521,0.9315068493150684,0.9488372093023256,0.9400921658986175,"[[204  11]
 [ 15 129]]"
27,mobilenet_gauss,0.8823529411764706,0.9657794676806084,0.872852233676976,0.9169675090252708,0.7109375,0.91,0.7982456140350876,"[[ 91   9]
 [ 37 254]]",0.9275766016713092,0.9154929577464789,0.9027777777777778,0.9090909090909091,0.9354838709677419,0.9441860465116279,0.9398148148148149,"[[203  12]
 [ 14 130]]"
28,mobilenet_gauss,0.8721227621483376,0.9762845849802372,0.8487972508591065,0.9080882352941176,0.6811594202898551,0.94,0.7899159663865546,"[[ 94   6]
 [ 44 247]]",0.9303621169916435,0.9219858156028369,0.9027777777777778,0.912280701754386,0.9357798165137615,0.9488372093023256,0.9422632794457276,"[[204  11]
 [ 14 130]]"
29,mobilenet_gauss,0.8746803069053708,0.9689922480620154,0.8591065292096219,0.9107468123861566,0.6917293233082706,0.92,0.7896995708154506,"[[ 92   8]
 [ 41 250]]",0.9415041782729805,0.948905109489051,0.9027777777777778,0.9252669039145908,0.9369369369369369,0.9674418604651163,0.9519450800915331,"[[208   7]
 [ 14 130]]"
0,vgg16,0.907928388746803,0.9775280898876404,0.8969072164948454,0.935483870967742,0.7580645161290323,0.94,0.8392857142857143,"[[ 94   6]
 [ 30 261]]",0.9777777777777777,0.9722222222222222,0.9722222222222222,0.9722222222222222,0.9814814814814815,0.9814814814814815,0.9814814814814815,"[[106   2]
 [  2  70]]"
1,vgg16,0.9258312020460358,0.9712230215827338,0.9278350515463918,0.9490333919156415,0.8141592920353983,0.92,0.863849765258216,"[[ 92   8]
 [ 21 270]]",0.9777777777777777,0.9594594594594594,0.9861111111111112,0.9726027397260274,0.9905660377358491,0.9722222222222222,0.9813084112149533,"[[105   3]
 [  1  71]]"
2,vgg16,0.9335038363171355,0.9681978798586572,0.9415807560137457,0.9547038327526133,0.8425925925925926,0.91,0.8749999999999999,"[[ 91   9]
 [ 17 274]]",0.9777777777777777,0.9722222222222222,0.9722222222222222,0.9722222222222222,0.9814814814814815,0.9814814814814815,0.9814814814814815,"[[106   2]
 [  2  70]]"
3,vgg16,0.9411764705882353,0.975177304964539,0.9450171821305842,0.9598603839441535,0.8532110091743119,0.93,0.8899521531100477,"[[ 93   7]
 [ 16 275]]",0.9666666666666667,0.9459459459459459,0.9722222222222222,0.9589041095890412,0.9811320754716981,0.9629629629629629,0.9719626168224299,"[[104   4]
 [  2  70]]"
4,vgg16,0.9181585677749361,0.977859778597786,0.9106529209621993,0.9430604982206405,0.7833333333333333,0.94,0.8545454545454546,"[[ 94   6]
 [ 26 265]]",0.9777777777777777,0.9594594594594594,0.9861111111111112,0.9726027397260274,0.9905660377358491,0.9722222222222222,0.9813084112149533,"[[105   3]
 [  1  71]]"
5,vgg16,0.9053708439897699,0.9774436090225563,0.8934707903780069,0.933572710951526,0.752,0.94,0.8355555555555555,"[[ 94   6]
 [ 31 260]]",0.9666666666666667,0.9583333333333334,0.9583333333333334,0.9583333333333334,0.9722222222222222,0.9722222222222222,0.9722222222222222,"[[105   3]
 [  3  69]]"
6,vgg16,0.8976982097186701,0.9771863117870723,0.8831615120274914,0.927797833935018,0.734375,0.94,0.8245614035087719,"[[ 94   6]
 [ 34 257]]",0.9722222222222222,1.0,0.9305555555555556,0.9640287769784173,0.9557522123893806,1.0,0.9773755656108597,"[[108   0]
 [  5  67]]"
7,vgg16,0.9309462915601023,0.9680851063829787,0.9381443298969072,0.9528795811518325,0.8348623853211009,0.91,0.8708133971291867,"[[ 91   9]
 [ 18 273]]",0.9888888888888889,0.9861111111111112,0.9861111111111112,0.9861111111111112,0.9907407407407407,0.9907407407407407,0.9907407407407407,"[[107   1]
 [  1  71]]"
8,vgg16,0.928388746803069,0.9581881533101045,0.9450171821305842,0.9515570934256055,0.8461538461538461,0.88,0.8627450980392156,"[[ 88  12]
 [ 16 275]]",0.9666666666666667,0.9342105263157895,0.9861111111111112,0.9594594594594595,0.9903846153846154,0.9537037037037037,0.9716981132075472,"[[103   5]
 [  1  71]]"
9,vgg16,0.9002557544757033,0.9772727272727273,0.8865979381443299,0.9297297297297297,0.7401574803149606,0.94,0.8281938325991189,"[[ 94   6]
 [ 33 258]]",0.9666666666666667,0.9852941176470589,0.9305555555555556,0.9571428571428572,0.9553571428571429,0.9907407407407407,0.9727272727272727,"[[107   1]
 [  5  67]]"
10,vgg16,0.9207161125319693,0.9744525547445255,0.9175257731958762,0.9451327433628317,0.7948717948717948,0.93,0.8571428571428572,"[[ 93   7]
 [ 24 267]]",0.9666666666666667,0.9342105263157895,0.9861111111111112,0.9594594594594595,0.9903846153846154,0.9537037037037037,0.9716981132075472,"[[103   5]
 [  1  71]]"
11,vgg16,0.9156010230179028,0.9777777777777777,0.9072164948453608,0.9411764705882353,0.7768595041322314,0.94,0.8506787330316741,"[[ 94   6]
 [ 27 264]]",0.9611111111111111,0.9577464788732394,0.9444444444444444,0.951048951048951,0.963302752293578,0.9722222222222222,0.9677419354838711,"[[105   3]
 [  4  68]]"
12,vgg16,0.9258312020460358,0.9781021897810219,0.9209621993127147,0.9486725663716814,0.8034188034188035,0.94,0.8663594470046083,"[[ 94   6]
 [ 23 268]]",0.9944444444444445,1.0,0.9861111111111112,0.993006993006993,0.9908256880733946,1.0,0.9953917050691244,"[[108   0]
 [  1  71]]"
13,vgg16,0.9411764705882353,0.9620689655172414,0.9587628865979382,0.9604130808950087,0.8811881188118812,0.89,0.8855721393034827,"[[ 89  11]
 [ 12 279]]",0.9888888888888889,0.972972972972973,1.0,0.9863013698630138,1.0,0.9814814814814815,0.9906542056074767,"[[106   2]
 [  0  72]]"
14,vgg16,0.8695652173913043,0.9838709677419355,0.8384879725085911,0.9053803339517625,0.6713286713286714,0.96,0.7901234567901235,"[[ 96   4]
 [ 47 244]]",0.9777777777777777,1.0,0.9444444444444444,0.9714285714285714,0.9642857142857143,1.0,0.9818181818181818,"[[108   0]
 [  4  68]]"
15,vgg16,0.9335038363171355,0.9715302491103203,0.9381443298969072,0.9545454545454546,0.8363636363636363,0.92,0.8761904761904761,"[[ 92   8]
 [ 18 273]]",0.9722222222222222,0.958904109589041,0.9722222222222222,0.9655172413793104,0.9813084112149533,0.9722222222222222,0.9767441860465117,"[[105   3]
 [  2  70]]"
16,vgg16,0.9207161125319693,0.9744525547445255,0.9175257731958762,0.9451327433628317,0.7948717948717948,0.93,0.8571428571428572,"[[ 93   7]
 [ 24 267]]",0.9722222222222222,0.9855072463768116,0.9444444444444444,0.9645390070921985,0.963963963963964,0.9907407407407407,0.9771689497716894,"[[107   1]
 [  4  68]]"
17,vgg16,0.9053708439897699,0.9774436090225563,0.8934707903780069,0.933572710951526,0.752,0.94,0.8355555555555555,"[[ 94   6]
 [ 31 260]]",0.95,0.9315068493150684,0.9444444444444444,0.9379310344827586,0.9626168224299065,0.9537037037037037,0.958139534883721,"[[103   5]
 [  4  68]]"
18,vgg16,0.9053708439897699,0.9774436090225563,0.8934707903780069,0.933572710951526,0.752,0.94,0.8355555555555555,"[[ 94   6]
 [ 31 260]]",0.9666666666666667,0.9583333333333334,0.9583333333333334,0.9583333333333334,0.9722222222222222,0.9722222222222222,0.9722222222222222,"[[105   3]
 [  3  69]]"
19,vgg16,0.9360613810741688,0.9683098591549296,0.9450171821305842,0.9565217391304347,0.8504672897196262,0.91,0.8792270531400966,"[[ 91   9]
 [ 16 275]]",0.9888888888888889,0.972972972972973,1.0,0.9863013698630138,1.0,0.9814814814814815,0.9906542056074767,"[[106   2]
 [  0  72]]"
20,vgg16,0.9156010230179028,0.9777777777777777,0.9072164948453608,0.9411764705882353,0.7768595041322314,0.94,0.8506787330316741,"[[ 94   6]
 [ 27 264]]",0.9666666666666667,0.9852941176470589,0.9305555555555556,0.9571428571428572,0.9553571428571429,0.9907407407407407,0.9727272727272727,"[[107   1]
 [  5  67]]"
21,vgg16,0.9130434782608695,0.9776951672862454,0.9037800687285223,0.9392857142857144,0.7704918032786885,0.94,0.8468468468468469,"[[ 94   6]
 [ 28 263]]",0.9722222222222222,1.0,0.9305555555555556,0.9640287769784173,0.9557522123893806,1.0,0.9773755656108597,"[[108   0]
 [  5  67]]"
22,vgg16,0.887468030690537,0.980544747081712,0.865979381443299,0.9197080291970802,0.7089552238805971,0.95,0.811965811965812,"[[ 95   5]
 [ 39 252]]",0.9777777777777777,0.9857142857142858,0.9583333333333334,0.971830985915493,0.9727272727272728,0.9907407407407407,0.981651376146789,"[[107   1]
 [  3  69]]"
23,vgg16,0.9360613810741688,0.975,0.9381443298969072,0.9562171628721542,0.8378378378378378,0.93,0.8815165876777251,"[[ 93   7]
 [ 18 273]]",0.9722222222222222,0.971830985915493,0.9583333333333334,0.965034965034965,0.9724770642201835,0.9814814814814815,0.9769585253456222,"[[106   2]
 [  3  69]]"
24,vgg16,0.9156010230179028,0.9777777777777777,0.9072164948453608,0.9411764705882353,0.7768595041322314,0.94,0.8506787330316741,"[[ 94   6]
 [ 27 264]]",0.9776536312849162,0.958904109589041,0.9859154929577465,0.9722222222222222,0.9905660377358491,0.9722222222222222,0.9813084112149533,"[[105   3]
 [  1  70]]"
25,vgg16,0.9258312020460358,0.9746376811594203,0.9243986254295533,0.9488536155202824,0.808695652173913,0.93,0.8651162790697675,"[[ 93   7]
 [ 22 269]]",0.9776536312849162,0.958904109589041,0.9859154929577465,0.9722222222222222,0.9905660377358491,0.9722222222222222,0.9813084112149533,"[[105   3]
 [  1  70]]"
26,vgg16,0.9360613810741688,0.9716312056737588,0.9415807560137457,0.956369982547993,0.8440366972477065,0.92,0.8803827751196172,"[[ 92   8]
 [ 17 274]]",0.9888268156424581,0.972972972972973,1.0,0.9863013698630138,1.0,0.9813084112149533,0.9905660377358491,"[[105   2]
 [  0  72]]"
27,vgg16,0.9232736572890026,0.9745454545454545,0.9209621993127147,0.9469964664310954,0.8017241379310345,0.93,0.8611111111111112,"[[ 93   7]
 [ 23 268]]",0.994413407821229,1.0,0.9861111111111112,0.993006993006993,0.9907407407407407,1.0,0.9953488372093023,"[[107   0]
 [  1  71]]"
28,vgg16,0.9130434782608695,0.974169741697417,0.9072164948453608,0.9395017793594307,0.775,0.93,0.8454545454545456,"[[ 93   7]
 [ 27 264]]",0.9664804469273743,0.9714285714285714,0.9444444444444444,0.9577464788732395,0.963302752293578,0.9813084112149533,0.9722222222222222,"[[105   2]
 [  4  68]]"
29,vgg16,0.9335038363171355,0.9584775086505191,0.9518900343642611,0.9551724137931035,0.8627450980392157,0.88,0.8712871287128714,"[[ 88  12]
 [ 14 277]]",0.9776536312849162,0.9473684210526315,1.0,0.972972972972973,1.0,0.9626168224299065,0.9809523809523809,"[[103   4]
 [  0  72]]"
0,vgg16_gauss,0.8976982097186701,0.9597069597069597,0.9003436426116839,0.9290780141843972,0.7542372881355932,0.89,0.8165137614678899,"[[ 89  11]
 [ 29 262]]",0.9666666666666667,0.9782608695652174,0.9375,0.9574468085106383,0.9594594594594594,0.9861111111111112,0.9726027397260274,"[[213   3]
 [  9 135]]"
1,vgg16_gauss,0.9028132992327366,0.9633699633699634,0.9037800687285223,0.9326241134751773,0.7627118644067796,0.9,0.8256880733944953,"[[ 90  10]
 [ 28 263]]",0.9694444444444444,0.965034965034965,0.9583333333333334,0.9616724738675957,0.9723502304147466,0.9768518518518519,0.97459584295612,"[[211   5]
 [  6 138]]"
2,vgg16_gauss,0.8849104859335039,0.98046875,0.8625429553264605,0.9177330895795247,0.7037037037037037,0.95,0.8085106382978724,"[[ 95   5]
 [ 40 251]]",0.9416666666666667,0.948905109489051,0.9027777777777778,0.9252669039145908,0.9372197309417041,0.9675925925925926,0.9521640091116174,"[[209   7]
 [ 14 130]]"
3,vgg16_gauss,0.9156010230179028,0.9574468085106383,0.9278350515463918,0.9424083769633509,0.8073394495412844,0.88,0.8421052631578948,"[[ 88  12]
 [ 21 270]]",0.9694444444444444,0.965034965034965,0.9583333333333334,0.9616724738675957,0.9723502304147466,0.9768518518518519,0.97459584295612,"[[211   5]
 [  6 138]]"
4,vgg16_gauss,0.9053708439897699,0.9601449275362319,0.9106529209621993,0.9347442680776015,0.7739130434782608,0.89,0.8279069767441859,"[[ 89  11]
 [ 26 265]]",0.9694444444444444,0.9586206896551724,0.9652777777777778,0.9619377162629758,0.9767441860465116,0.9722222222222222,0.9744779582366588,"[[210   6]
 [  5 139]]"
5,vgg16_gauss,0.9002557544757033,0.9772727272727273,0.8865979381443299,0.9297297297297297,0.7401574803149606,0.94,0.8281938325991189,"[[ 94   6]
 [ 33 258]]",0.9638888888888889,0.9712230215827338,0.9375,0.9540636042402827,0.9592760180995475,0.9814814814814815,0.9702517162471396,"[[212   4]
 [  9 135]]"
6,vgg16_gauss,0.9181585677749361,0.9608540925266904,0.9278350515463918,0.9440559440559441,0.8090909090909091,0.89,0.8476190476190476,"[[ 89  11]
 [ 21 270]]",0.9444444444444444,0.9769230769230769,0.8819444444444444,0.927007299270073,0.9260869565217391,0.9861111111111112,0.9551569506726457,"[[213   3]
 [ 17 127]]"
7,vgg16_gauss,0.9053708439897699,0.9703703703703703,0.9003436426116839,0.9340463458110517,0.7603305785123967,0.92,0.832579185520362,"[[ 92   8]
 [ 29 262]]",0.9583333333333334,0.9708029197080292,0.9236111111111112,0.9466192170818506,0.9506726457399103,0.9814814814814815,0.9658314350797267,"[[212   4]
 [ 11 133]]"
8,vgg16_gauss,0.8976982097186701,0.9845559845559846,0.8762886597938144,0.9272727272727274,0.7272727272727273,0.96,0.8275862068965517,"[[ 96   4]
 [ 36 255]]",0.9722222222222222,0.971830985915493,0.9583333333333334,0.965034965034965,0.9724770642201835,0.9814814814814815,0.9769585253456222,"[[212   4]
 [  6 138]]"
9,vgg16_gauss,0.9002557544757033,0.9809160305343512,0.8831615120274914,0.9294755877034359,0.7364341085271318,0.95,0.8296943231441047,"[[ 95   5]
 [ 34 257]]",0.9555555555555556,0.9571428571428572,0.9305555555555556,0.943661971830986,0.9545454545454546,0.9722222222222222,0.963302752293578,"[[210   6]
 [ 10 134]]"
10,vgg16_gauss,0.9028132992327366,0.966789667896679,0.9003436426116839,0.9323843416370107,0.7583333333333333,0.91,0.8272727272727273,"[[ 91   9]
 [ 29 262]]",0.975,0.9856115107913669,0.9513888888888888,0.9681978798586571,0.9683257918552036,0.9907407407407407,0.9794050343249429,"[[214   2]
 [  7 137]]"
11,vgg16_gauss,0.9207161125319693,0.9609929078014184,0.9312714776632303,0.9458987783595114,0.8165137614678899,0.89,0.8516746411483254,"[[ 89  11]
 [ 20 271]]",0.9638888888888889,0.9337748344370861,0.9791666666666666,0.9559322033898305,0.9856459330143541,0.9537037037037037,0.9694117647058824,"[[206  10]
 [  3 141]]"
12,vgg16_gauss,0.9156010230179028,0.9640287769784173,0.9209621993127147,0.9420035149384886,0.7964601769911505,0.9,0.8450704225352113,"[[ 90  10]
 [ 23 268]]",0.9611111111111111,0.9642857142857143,0.9375,0.9507042253521126,0.9590909090909091,0.9768518518518519,0.9678899082568807,"[[211   5]
 [  9 135]]"
13,vgg16_gauss,0.8976982097186701,0.9700374531835206,0.8900343642611683,0.92831541218638,0.7419354838709677,0.92,0.8214285714285714,"[[ 92   8]
 [ 32 259]]",0.9472222222222222,0.9310344827586207,0.9375,0.9342560553633218,0.958139534883721,0.9537037037037037,0.9559164733178654,"[[206  10]
 [  9 135]]"
14,vgg16_gauss,0.9053708439897699,0.9669117647058824,0.9037800687285223,0.9342806394316163,0.7647058823529411,0.91,0.8310502283105021,"[[ 91   9]
 [ 28 263]]",0.9694444444444444,0.9586206896551724,0.9652777777777778,0.9619377162629758,0.9767441860465116,0.9722222222222222,0.9744779582366588,"[[210   6]
 [  5 139]]"
15,vgg16_gauss,0.8951406649616368,0.9921259842519685,0.865979381443299,0.9247706422018349,0.7153284671532847,0.98,0.8270042194092827,"[[ 98   2]
 [ 39 252]]",0.9527777777777777,0.9703703703703703,0.9097222222222222,0.9390681003584228,0.9422222222222222,0.9814814814814815,0.9614512471655329,"[[212   4]
 [ 13 131]]"
16,vgg16_gauss,0.9028132992327366,0.9633699633699634,0.9037800687285223,0.9326241134751773,0.7627118644067796,0.9,0.8256880733944953,"[[ 90  10]
 [ 28 263]]",0.9555555555555556,0.9637681159420289,0.9236111111111112,0.9432624113475179,0.9504504504504504,0.9768518518518519,0.9634703196347032,"[[211   5]
 [ 11 133]]"
17,vgg16_gauss,0.9156010230179028,0.967391304347826,0.9175257731958762,0.9417989417989417,0.7913043478260869,0.91,0.8465116279069768,"[[ 91   9]
 [ 24 267]]",0.9722222222222222,0.9652777777777778,0.9652777777777778,0.9652777777777778,0.9768518518518519,0.9768518518518519,0.9768518518518519,"[[211   5]
 [  5 139]]"
18,vgg16_gauss,0.9028132992327366,0.9633699633699634,0.9037800687285223,0.9326241134751773,0.7627118644067796,0.9,0.8256880733944953,"[[ 90  10]
 [ 28 263]]",0.958217270194986,0.9448275862068966,0.9513888888888888,0.9480968858131488,0.9672897196261683,0.9627906976744186,0.9650349650349651,"[[207   8]
 [  7 137]]"
19,vgg16_gauss,0.9053708439897699,0.9774436090225563,0.8934707903780069,0.933572710951526,0.752,0.94,0.8355555555555555,"[[ 94   6]
 [ 31 260]]",0.9637883008356546,0.9517241379310345,0.9583333333333334,0.9550173010380624,0.9719626168224299,0.9674418604651163,0.9696969696969698,"[[208   7]
 [  6 138]]"
20,vgg16_gauss,0.9232736572890026,0.9644128113879004,0.9312714776632303,0.9475524475524475,0.8181818181818182,0.9,0.8571428571428572,"[[ 90  10]
 [ 20 271]]",0.9554317548746518,0.9324324324324325,0.9583333333333334,0.9452054794520548,0.9715639810426541,0.9534883720930233,0.9624413145539906,"[[205  10]
 [  6 138]]"
21,vgg16_gauss,0.9002557544757033,0.9632352941176471,0.9003436426116839,0.9307282415630551,0.7563025210084033,0.9,0.8219178082191781,"[[ 90  10]
 [ 29 262]]",0.9693593314763231,0.9925925925925926,0.9305555555555556,0.9605734767025089,0.9553571428571429,0.9953488372093023,0.9749430523917996,"[[214   1]
 [ 10 134]]"
22,vgg16_gauss,0.9028132992327366,0.9737827715355806,0.8934707903780069,0.931899641577061,0.75,0.93,0.8303571428571428,"[[ 93   7]
 [ 31 260]]",0.9554317548746518,0.9571428571428572,0.9305555555555556,0.943661971830986,0.954337899543379,0.9720930232558139,0.9631336405529953,"[[209   6]
 [ 10 134]]"
23,vgg16_gauss,0.8925831202046036,0.9770114942528736,0.8762886597938144,0.9239130434782609,0.7230769230769231,0.94,0.8173913043478259,"[[ 94   6]
 [ 36 255]]",0.9498607242339833,0.9632352941176471,0.9097222222222222,0.9357142857142857,0.9417040358744395,0.9767441860465116,0.9589041095890412,"[[210   5]
 [ 13 131]]"
24,vgg16_gauss,0.9028132992327366,0.9633699633699634,0.9037800687285223,0.9326241134751773,0.7627118644067796,0.9,0.8256880733944953,"[[ 90  10]
 [ 28 263]]",0.9721448467966574,0.9785714285714285,0.9513888888888888,0.9647887323943661,0.9680365296803652,0.986046511627907,0.9769585253456221,"[[212   3]
 [  7 137]]"
25,vgg16_gauss,0.907928388746803,0.9636363636363636,0.9106529209621993,0.9363957597173144,0.7758620689655172,0.9,0.8333333333333334,"[[ 90  10]
 [ 26 265]]",0.9610027855153204,0.9642857142857143,0.9375,0.9507042253521126,0.958904109589041,0.9767441860465116,0.967741935483871,"[[210   5]
 [  9 135]]"
26,vgg16_gauss,0.9028132992327366,0.9773584905660377,0.8900343642611683,0.9316546762589928,0.746031746031746,0.94,0.831858407079646,"[[ 94   6]
 [ 32 259]]",0.9805013927576601,0.9722222222222222,0.9790209790209791,0.975609756097561,0.986046511627907,0.9814814814814815,0.9837587006960558,"[[212   4]
 [  3 140]]"
27,vgg16_gauss,0.9002557544757033,0.9666666666666667,0.8969072164948454,0.93048128342246,0.7520661157024794,0.91,0.823529411764706,"[[ 91   9]
 [ 30 261]]",0.9498607242339833,0.9370629370629371,0.9370629370629371,0.9370629370629371,0.9583333333333334,0.9583333333333334,0.9583333333333334,"[[207   9]
 [  9 134]]"
28,vgg16_gauss,0.9028132992327366,0.9702602230483272,0.8969072164948454,0.9321428571428572,0.7540983606557377,0.92,0.8288288288288288,"[[ 92   8]
 [ 30 261]]",0.9693593314763231,0.9583333333333334,0.965034965034965,0.9616724738675957,0.9767441860465116,0.9722222222222222,0.9744779582366588,"[[210   6]
 [  5 138]]"
29,vgg16_gauss,0.9130434782608695,0.9672727272727273,0.9140893470790378,0.9399293286219081,0.7844827586206896,0.91,0.8425925925925926,"[[ 91   9]
 [ 25 266]]",0.9637883008356546,0.9333333333333333,0.9790209790209791,0.9556313993174061,0.9856459330143541,0.9537037037037037,0.9694117647058824,"[[206  10]
 [  3 140]]"
