densenet,0.9232736572890026,0.967741935483871,0.9278350515463918,0.9473684210526316,0.8125,0.91,0.8584905660377358,"[[ 91   9]
 [ 21 270]]",0.9944444444444445,0.9863013698630136,1.0,0.993103448275862,1.0,0.9907407407407407,0.9953488372093023,"[[107   1]
 [  0  72]]"
densenet,0.928388746803069,0.9713261648745519,0.9312714776632303,0.9508771929824561,0.8214285714285714,0.92,0.8679245283018867,"[[ 92   8]
 [ 20 271]]",0.9722222222222222,0.958904109589041,0.9722222222222222,0.9655172413793104,0.9813084112149533,0.9722222222222222,0.9767441860465117,"[[105   3]
 [  2  70]]"
densenet,0.928388746803069,0.9713261648745519,0.9312714776632303,0.9508771929824561,0.8214285714285714,0.92,0.8679245283018867,"[[ 92   8]
 [ 20 271]]",1.0,1.0,1.0,1.0,1.0,1.0,1.0,"[[108   0]
 [  0  72]]"
densenet,0.9232736572890026,0.9644128113879004,0.9312714776632303,0.9475524475524475,0.8181818181818182,0.9,0.8571428571428572,"[[ 90  10]
 [ 20 271]]",0.9833333333333333,0.9859154929577465,0.9722222222222222,0.979020979020979,0.981651376146789,0.9907407407407407,0.9861751152073732,"[[107   1]
 [  2  70]]"
densenet,0.928388746803069,0.9713261648745519,0.9312714776632303,0.9508771929824561,0.8214285714285714,0.92,0.8679245283018867,"[[ 92   8]
 [ 20 271]]",0.9888888888888889,0.9861111111111112,0.9861111111111112,0.9861111111111112,0.9907407407407407,0.9907407407407407,0.9907407407407407,"[[107   1]
 [  1  71]]"
densenet,0.928388746803069,0.9747292418772563,0.9278350515463918,0.9507042253521127,0.8157894736842105,0.93,0.869158878504673,"[[ 93   7]
 [ 21 270]]",0.9722222222222222,0.958904109589041,0.9722222222222222,0.9655172413793104,0.9813084112149533,0.9722222222222222,0.9767441860465117,"[[105   3]
 [  2  70]]"
densenet,0.928388746803069,0.9713261648745519,0.9312714776632303,0.9508771929824561,0.8214285714285714,0.92,0.8679245283018867,"[[ 92   8]
 [ 20 271]]",0.9944444444444445,0.9863013698630136,1.0,0.993103448275862,1.0,0.9907407407407407,0.9953488372093023,"[[107   1]
 [  0  72]]"
densenet,0.9258312020460358,0.9712230215827338,0.9278350515463918,0.9490333919156415,0.8141592920353983,0.92,0.863849765258216,"[[ 92   8]
 [ 21 270]]",0.9888888888888889,1.0,0.9722222222222222,0.9859154929577464,0.9818181818181818,1.0,0.9908256880733944,"[[108   0]
 [  2  70]]"
densenet,0.928388746803069,0.9713261648745519,0.9312714776632303,0.9508771929824561,0.8214285714285714,0.92,0.8679245283018867,"[[ 92   8]
 [ 20 271]]",0.9888888888888889,0.9861111111111112,0.9861111111111112,0.9861111111111112,0.9907407407407407,0.9907407407407407,0.9907407407407407,"[[107   1]
 [  1  71]]"
densenet,0.9207161125319693,0.9642857142857143,0.9278350515463918,0.9457092819614712,0.8108108108108109,0.9,0.8530805687203792,"[[ 90  10]
 [ 21 270]]",0.9777777777777777,0.9594594594594594,0.9861111111111112,0.9726027397260274,0.9905660377358491,0.9722222222222222,0.9813084112149533,"[[105   3]
 [  1  71]]"
densenet,0.9232736572890026,0.9644128113879004,0.9312714776632303,0.9475524475524475,0.8181818181818182,0.9,0.8571428571428572,"[[ 90  10]
 [ 20 271]]",0.9888888888888889,1.0,0.9722222222222222,0.9859154929577464,0.9818181818181818,1.0,0.9908256880733944,"[[108   0]
 [  2  70]]"
densenet,0.9232736572890026,0.9711191335740073,0.9243986254295533,0.9471830985915494,0.8070175438596491,0.92,0.8598130841121495,"[[ 92   8]
 [ 22 269]]",0.9833333333333333,0.9726027397260274,0.9861111111111112,0.9793103448275863,0.9906542056074766,0.9814814814814815,0.986046511627907,"[[106   2]
 [  1  71]]"
densenet,0.9207161125319693,0.9676258992805755,0.9243986254295533,0.945518453427065,0.8053097345132744,0.91,0.8544600938967136,"[[ 91   9]
 [ 22 269]]",0.9722222222222222,0.971830985915493,0.9583333333333334,0.965034965034965,0.9724770642201835,0.9814814814814815,0.9769585253456222,"[[106   2]
 [  3  69]]"
densenet,0.9258312020460358,0.9678571428571429,0.9312714776632303,0.9492119089316988,0.8198198198198198,0.91,0.862559241706161,"[[ 91   9]
 [ 20 271]]",0.9777777777777777,0.9594594594594594,0.9861111111111112,0.9726027397260274,0.9905660377358491,0.9722222222222222,0.9813084112149533,"[[105   3]
 [  1  71]]"
densenet,0.9258312020460358,0.9712230215827338,0.9278350515463918,0.9490333919156415,0.8141592920353983,0.92,0.863849765258216,"[[ 92   8]
 [ 21 270]]",0.9777777777777777,0.9857142857142858,0.9583333333333334,0.971830985915493,0.9727272727272728,0.9907407407407407,0.981651376146789,"[[107   1]
 [  3  69]]"
densenet,0.9232736572890026,0.967741935483871,0.9278350515463918,0.9473684210526316,0.8125,0.91,0.8584905660377358,"[[ 91   9]
 [ 21 270]]",0.9833333333333333,0.9726027397260274,0.9861111111111112,0.9793103448275863,0.9906542056074766,0.9814814814814815,0.986046511627907,"[[106   2]
 [  1  71]]"
densenet,0.9207161125319693,0.9642857142857143,0.9278350515463918,0.9457092819614712,0.8108108108108109,0.9,0.8530805687203792,"[[ 90  10]
 [ 21 270]]",0.9722222222222222,0.9855072463768116,0.9444444444444444,0.9645390070921985,0.963963963963964,0.9907407407407407,0.9771689497716894,"[[107   1]
 [  4  68]]"
densenet,0.928388746803069,0.9713261648745519,0.9312714776632303,0.9508771929824561,0.8214285714285714,0.92,0.8679245283018867,"[[ 92   8]
 [ 20 271]]",0.9888888888888889,0.972972972972973,1.0,0.9863013698630138,1.0,0.9814814814814815,0.9906542056074767,"[[106   2]
 [  0  72]]"
densenet,0.928388746803069,0.9713261648745519,0.9312714776632303,0.9508771929824561,0.8214285714285714,0.92,0.8679245283018867,"[[ 92   8]
 [ 20 271]]",0.9777777777777777,0.9722222222222222,0.9722222222222222,0.9722222222222222,0.9814814814814815,0.9814814814814815,0.9814814814814815,"[[106   2]
 [  2  70]]"
densenet,0.9258312020460358,0.9678571428571429,0.9312714776632303,0.9492119089316988,0.8198198198198198,0.91,0.862559241706161,"[[ 91   9]
 [ 20 271]]",0.9833333333333333,0.96,1.0,0.9795918367346939,1.0,0.9722222222222222,0.9859154929577464,"[[105   3]
 [  0  72]]"
densenet,0.928388746803069,0.9713261648745519,0.9312714776632303,0.9508771929824561,0.8214285714285714,0.92,0.8679245283018867,"[[ 92   8]
 [ 20 271]]",0.9888888888888889,0.9861111111111112,0.9861111111111112,0.9861111111111112,0.9907407407407407,0.9907407407407407,0.9907407407407407,"[[107   1]
 [  1  71]]"
densenet,0.9258312020460358,0.9712230215827338,0.9278350515463918,0.9490333919156415,0.8141592920353983,0.92,0.863849765258216,"[[ 92   8]
 [ 21 270]]",0.9888888888888889,0.972972972972973,1.0,0.9863013698630138,1.0,0.9814814814814815,0.9906542056074767,"[[106   2]
 [  0  72]]"
densenet,0.9258312020460358,0.9712230215827338,0.9278350515463918,0.9490333919156415,0.8141592920353983,0.92,0.863849765258216,"[[ 92   8]
 [ 21 270]]",0.9888888888888889,0.9861111111111112,0.9861111111111112,0.9861111111111112,0.9907407407407407,0.9907407407407407,0.9907407407407407,"[[107   1]
 [  1  71]]"
densenet,0.928388746803069,0.9713261648745519,0.9312714776632303,0.9508771929824561,0.8214285714285714,0.92,0.8679245283018867,"[[ 92   8]
 [ 20 271]]",0.9777777777777777,0.9722222222222222,0.9722222222222222,0.9722222222222222,0.9814814814814815,0.9814814814814815,0.9814814814814815,"[[106   2]
 [  2  70]]"
densenet,0.9258312020460358,0.9678571428571429,0.9312714776632303,0.9492119089316988,0.8198198198198198,0.91,0.862559241706161,"[[ 91   9]
 [ 20 271]]",0.9832402234636871,0.9857142857142858,0.971830985915493,0.9787234042553192,0.981651376146789,0.9907407407407407,0.9861751152073732,"[[107   1]
 [  2  69]]"
densenet,0.9258312020460358,0.9712230215827338,0.9278350515463918,0.9490333919156415,0.8141592920353983,0.92,0.863849765258216,"[[ 92   8]
 [ 21 270]]",0.9832402234636871,0.9857142857142858,0.971830985915493,0.9787234042553192,0.981651376146789,0.9907407407407407,0.9861751152073732,"[[107   1]
 [  2  69]]"
densenet,0.928388746803069,0.9713261648745519,0.9312714776632303,0.9508771929824561,0.8214285714285714,0.92,0.8679245283018867,"[[ 92   8]
 [ 20 271]]",0.9776536312849162,0.9594594594594594,0.9861111111111112,0.9726027397260274,0.9904761904761905,0.9719626168224299,0.9811320754716981,"[[104   3]
 [  1  71]]"
densenet,0.9207161125319693,0.9642857142857143,0.9278350515463918,0.9457092819614712,0.8108108108108109,0.9,0.8530805687203792,"[[ 90  10]
 [ 21 270]]",0.9776536312849162,0.9594594594594594,0.9861111111111112,0.9726027397260274,0.9904761904761905,0.9719626168224299,0.9811320754716981,"[[104   3]
 [  1  71]]"
densenet,0.928388746803069,0.9747292418772563,0.9278350515463918,0.9507042253521127,0.8157894736842105,0.93,0.869158878504673,"[[ 93   7]
 [ 21 270]]",0.9888268156424581,0.9861111111111112,0.9861111111111112,0.9861111111111112,0.9906542056074766,0.9906542056074766,0.9906542056074766,"[[106   1]
 [  1  71]]"
densenet,0.9207161125319693,0.9642857142857143,0.9278350515463918,0.9457092819614712,0.8108108108108109,0.9,0.8530805687203792,"[[ 90  10]
 [ 21 270]]",0.994413407821229,1.0,0.9861111111111112,0.993006993006993,0.9907407407407407,1.0,0.9953488372093023,"[[107   0]
 [  1  71]]"
densenet_gauss,0.8925831202046036,0.9806949806949807,0.872852233676976,0.9236363636363637,0.7196969696969697,0.95,0.8189655172413793,"[[ 95   5]
 [ 37 254]]",0.9861111111111112,0.986013986013986,0.9791666666666666,0.9825783972125435,0.9861751152073732,0.9907407407407407,0.9884526558891454,"[[214   2]
 [  3 141]]"
densenet_gauss,0.9002557544757033,0.9846153846153847,0.8797250859106529,0.9292196007259528,0.732824427480916,0.96,0.8311688311688312,"[[ 96   4]
 [ 35 256]]",0.9861111111111112,0.986013986013986,0.9791666666666666,0.9825783972125435,0.9861751152073732,0.9907407407407407,0.9884526558891454,"[[214   2]
 [  3 141]]"
densenet_gauss,0.8976982097186701,0.9808429118773946,0.8797250859106529,0.927536231884058,0.7307692307692307,0.95,0.8260869565217392,"[[ 95   5]
 [ 35 256]]",0.9805555555555555,0.9659863945578231,0.9861111111111112,0.9759450171821307,0.9906103286384976,0.9768518518518519,0.9836829836829837,"[[211   5]
 [  2 142]]"
densenet_gauss,0.8951406649616368,0.9844961240310077,0.872852233676976,0.9253187613843351,0.7218045112781954,0.96,0.8240343347639485,"[[ 96   4]
 [ 37 254]]",0.9666666666666667,0.9583333333333334,0.9583333333333334,0.9583333333333334,0.9722222222222222,0.9722222222222222,0.9722222222222222,"[[210   6]
 [  6 138]]"
densenet_gauss,0.8900255754475703,0.9806201550387597,0.8694158075601375,0.9216757741347905,0.7142857142857143,0.95,0.8154506437768242,"[[ 95   5]
 [ 38 253]]",0.975,0.9787234042553191,0.9583333333333334,0.968421052631579,0.9726027397260274,0.9861111111111112,0.9793103448275863,"[[213   3]
 [  6 138]]"
densenet_gauss,0.8925831202046036,0.9844357976653697,0.8694158075601375,0.9233576642335767,0.7164179104477612,0.96,0.8205128205128206,"[[ 96   4]
 [ 38 253]]",0.975,0.972027972027972,0.9652777777777778,0.9686411149825783,0.9769585253456221,0.9814814814814815,0.9792147806004619,"[[212   4]
 [  5 139]]"
densenet_gauss,0.8951406649616368,0.9807692307692307,0.8762886597938144,0.925589836660617,0.7251908396946565,0.95,0.8225108225108225,"[[ 95   5]
 [ 36 255]]",0.9611111111111111,0.9577464788732394,0.9444444444444444,0.951048951048951,0.963302752293578,0.9722222222222222,0.9677419354838711,"[[210   6]
 [  8 136]]"
densenet_gauss,0.8951406649616368,0.9770992366412213,0.8797250859106529,0.9258589511754068,0.7286821705426356,0.94,0.8209606986899562,"[[ 94   6]
 [ 35 256]]",0.9694444444444444,0.9463087248322147,0.9791666666666666,0.962457337883959,0.985781990521327,0.9629629629629629,0.9742388758782201,"[[208   8]
 [  3 141]]"
densenet_gauss,0.8951406649616368,0.9807692307692307,0.8762886597938144,0.925589836660617,0.7251908396946565,0.95,0.8225108225108225,"[[ 95   5]
 [ 36 255]]",0.9833333333333333,0.9791666666666666,0.9791666666666666,0.9791666666666666,0.9861111111111112,0.9861111111111112,0.9861111111111112,"[[213   3]
 [  3 141]]"
densenet_gauss,0.8925831202046036,0.9806949806949807,0.872852233676976,0.9236363636363637,0.7196969696969697,0.95,0.8189655172413793,"[[ 95   5]
 [ 37 254]]",0.9722222222222222,0.958904109589041,0.9722222222222222,0.9655172413793104,0.9813084112149533,0.9722222222222222,0.9767441860465117,"[[210   6]
 [  4 140]]"
densenet_gauss,0.8925831202046036,0.9770114942528736,0.8762886597938144,0.9239130434782609,0.7230769230769231,0.94,0.8173913043478259,"[[ 94   6]
 [ 36 255]]",0.9777777777777777,0.9657534246575342,0.9791666666666666,0.9724137931034483,0.985981308411215,0.9768518518518519,0.9813953488372094,"[[211   5]
 [  3 141]]"
densenet_gauss,0.9053708439897699,0.9847328244274809,0.8865979381443299,0.9330922242314647,0.7441860465116279,0.96,0.8384279475982533,"[[ 96   4]
 [ 33 258]]",0.9694444444444444,0.965034965034965,0.9583333333333334,0.9616724738675957,0.9723502304147466,0.9768518518518519,0.97459584295612,"[[211   5]
 [  6 138]]"
densenet_gauss,0.9002557544757033,0.9846153846153847,0.8797250859106529,0.9292196007259528,0.732824427480916,0.96,0.8311688311688312,"[[ 96   4]
 [ 35 256]]",0.9805555555555555,0.9858156028368794,0.9652777777777778,0.9754385964912281,0.9771689497716894,0.9907407407407407,0.9839080459770114,"[[214   2]
 [  5 139]]"
densenet_gauss,0.9028132992327366,0.9809885931558935,0.8865979381443299,0.9314079422382671,0.7421875,0.95,0.8333333333333334,"[[ 95   5]
 [ 33 258]]",0.9666666666666667,0.9647887323943662,0.9513888888888888,0.9580419580419581,0.9678899082568807,0.9768518518518519,0.9723502304147466,"[[211   5]
 [  7 137]]"
densenet_gauss,0.8976982097186701,0.9845559845559846,0.8762886597938144,0.9272727272727274,0.7272727272727273,0.96,0.8275862068965517,"[[ 96   4]
 [ 36 255]]",0.9805555555555555,0.9659863945578231,0.9861111111111112,0.9759450171821307,0.9906103286384976,0.9768518518518519,0.9836829836829837,"[[211   5]
 [  2 142]]"
densenet_gauss,0.887468030690537,0.9768339768339769,0.8694158075601375,0.92,0.7121212121212122,0.94,0.810344827586207,"[[ 94   6]
 [ 38 253]]",0.9611111111111111,0.9513888888888888,0.9513888888888888,0.9513888888888888,0.9675925925925926,0.9675925925925926,0.9675925925925926,"[[209   7]
 [  7 137]]"
densenet_gauss,0.8900255754475703,0.9806201550387597,0.8694158075601375,0.9216757741347905,0.7142857142857143,0.95,0.8154506437768242,"[[ 95   5]
 [ 38 253]]",0.9805555555555555,0.9858156028368794,0.9652777777777778,0.9754385964912281,0.9771689497716894,0.9907407407407407,0.9839080459770114,"[[214   2]
 [  5 139]]"
densenet_gauss,0.887468030690537,0.9731800766283525,0.872852233676976,0.9202898550724639,0.7153846153846154,0.93,0.8086956521739131,"[[ 93   7]
 [ 37 254]]",0.9583333333333334,0.951048951048951,0.9444444444444444,0.9477351916376306,0.9631336405529954,0.9675925925925926,0.9653579676674365,"[[209   7]
 [  8 136]]"
densenet_gauss,0.887468030690537,0.9731800766283525,0.872852233676976,0.9202898550724639,0.7153846153846154,0.93,0.8086956521739131,"[[ 93   7]
 [ 37 254]]",0.9805013927576601,0.9657534246575342,0.986013986013986,0.9757785467128028,0.9906103286384976,0.9768518518518519,0.9836829836829837,"[[211   5]
 [  2 141]]"
densenet_gauss,0.9028132992327366,0.9846743295019157,0.8831615120274914,0.9311594202898551,0.7384615384615385,0.96,0.8347826086956522,"[[ 96   4]
 [ 34 257]]",0.9777158774373259,0.972027972027972,0.972027972027972,0.972027972027972,0.9814814814814815,0.9814814814814815,0.9814814814814815,"[[212   4]
 [  4 139]]"
densenet_gauss,0.8951406649616368,0.9807692307692307,0.8762886597938144,0.925589836660617,0.7251908396946565,0.95,0.8225108225108225,"[[ 95   5]
 [ 36 255]]",0.9749303621169917,0.9855072463768116,0.951048951048951,0.9679715302491103,0.9683257918552036,0.9907407407407407,0.9794050343249429,"[[214   2]
 [  7 136]]"
densenet_gauss,0.8951406649616368,0.9807692307692307,0.8762886597938144,0.925589836660617,0.7251908396946565,0.95,0.8225108225108225,"[[ 95   5]
 [ 36 255]]",0.9832869080779945,0.9724137931034482,0.986013986013986,0.9791666666666666,0.9906542056074766,0.9814814814814815,0.986046511627907,"[[212   4]
 [  2 141]]"
densenet_gauss,0.8976982097186701,0.9771863117870723,0.8831615120274914,0.927797833935018,0.734375,0.94,0.8245614035087719,"[[ 94   6]
 [ 34 257]]",0.9721448467966574,0.9652777777777778,0.9652777777777778,0.9652777777777778,0.9767441860465116,0.9767441860465116,0.9767441860465116,"[[210   5]
 [  5 139]]"
densenet_gauss,0.8900255754475703,0.9769230769230769,0.872852233676976,0.9219600725952812,0.7175572519083969,0.94,0.8138528138528137,"[[ 94   6]
 [ 37 254]]",0.9916434540389972,0.993006993006993,0.9861111111111112,0.9895470383275262,0.9907407407407407,0.9953488372093023,0.9930394431554525,"[[214   1]
 [  2 142]]"
densenet_gauss,0.8900255754475703,0.9769230769230769,0.872852233676976,0.9219600725952812,0.7175572519083969,0.94,0.8138528138528137,"[[ 94   6]
 [ 37 254]]",0.9832869080779945,0.9928571428571429,0.9652777777777778,0.9788732394366197,0.9771689497716894,0.9953488372093023,0.9861751152073732,"[[214   1]
 [  5 139]]"
densenet_gauss,0.8900255754475703,0.9806201550387597,0.8694158075601375,0.9216757741347905,0.7142857142857143,0.95,0.8154506437768242,"[[ 95   5]
 [ 38 253]]",0.9777158774373259,0.9788732394366197,0.9652777777777778,0.972027972027972,0.9769585253456221,0.986046511627907,0.9814814814814816,"[[212   3]
 [  5 139]]"
densenet_gauss,0.8823529411764706,0.9803921568627451,0.8591065292096219,0.9157509157509157,0.6985294117647058,0.95,0.8050847457627118,"[[ 95   5]
 [ 41 250]]",0.9749303621169917,0.9856115107913669,0.9513888888888888,0.9681978798586571,0.9681818181818181,0.9906976744186047,0.9793103448275863,"[[213   2]
 [  7 137]]"
densenet_gauss,0.8951406649616368,0.9770992366412213,0.8797250859106529,0.9258589511754068,0.7286821705426356,0.94,0.8209606986899562,"[[ 94   6]
 [ 35 256]]",0.9721448467966574,0.9855072463768116,0.9444444444444444,0.9645390070921985,0.9638009049773756,0.9906976744186047,0.9770642201834864,"[[213   2]
 [  8 136]]"
densenet_gauss,0.887468030690537,0.980544747081712,0.865979381443299,0.9197080291970802,0.7089552238805971,0.95,0.811965811965812,"[[ 95   5]
 [ 39 252]]",0.9805013927576601,0.959731543624161,0.9930555555555556,0.9761092150170648,0.9952380952380953,0.9720930232558139,0.9835294117647059,"[[209   6]
 [  1 143]]"
densenet_gauss,0.8925831202046036,0.9770114942528736,0.8762886597938144,0.9239130434782609,0.7230769230769231,0.94,0.8173913043478259,"[[ 94   6]
 [ 36 255]]",0.9749303621169917,0.9787234042553191,0.9583333333333334,0.968421052631579,0.9724770642201835,0.986046511627907,0.979214780600462,"[[212   3]
 [  6 138]]"
mobilenet,0.8976982097186701,0.9808429118773946,0.8797250859106529,0.927536231884058,0.7307692307692307,0.95,0.8260869565217392,"[[ 95   5]
 [ 35 256]]",0.9666666666666667,0.9714285714285714,0.9444444444444444,0.9577464788732395,0.9636363636363636,0.9814814814814815,0.9724770642201834,"[[106   2]
 [  4  68]]"
mobilenet,0.887468030690537,0.980544747081712,0.865979381443299,0.9197080291970802,0.7089552238805971,0.95,0.811965811965812,"[[ 95   5]
 [ 39 252]]",0.95,0.9846153846153847,0.8888888888888888,0.9343065693430657,0.9304347826086956,0.9907407407407407,0.9596412556053812,"[[107   1]
 [  8  64]]"
mobilenet,0.8951406649616368,0.9770992366412213,0.8797250859106529,0.9258589511754068,0.7286821705426356,0.94,0.8209606986899562,"[[ 94   6]
 [ 35 256]]",0.9777777777777777,0.9722222222222222,0.9722222222222222,0.9722222222222222,0.9814814814814815,0.9814814814814815,0.9814814814814815,"[[106   2]
 [  2  70]]"
mobilenet,0.8849104859335039,0.9730769230769231,0.8694158075601375,0.9183303085299455,0.7099236641221374,0.93,0.8051948051948052,"[[ 93   7]
 [ 38 253]]",0.9611111111111111,0.9452054794520548,0.9583333333333334,0.9517241379310345,0.9719626168224299,0.9629629629629629,0.9674418604651163,"[[104   4]
 [  3  69]]"
mobilenet,0.8925831202046036,0.973384030418251,0.8797250859106529,0.924187725631769,0.7265625,0.93,0.8157894736842105,"[[ 93   7]
 [ 35 256]]",0.9722222222222222,0.971830985915493,0.9583333333333334,0.965034965034965,0.9724770642201835,0.9814814814814815,0.9769585253456222,"[[106   2]
 [  3  69]]"
mobilenet,0.8900255754475703,0.9769230769230769,0.872852233676976,0.9219600725952812,0.7175572519083969,0.94,0.8138528138528137,"[[ 94   6]
 [ 37 254]]",0.9722222222222222,0.971830985915493,0.9583333333333334,0.965034965034965,0.9724770642201835,0.9814814814814815,0.9769585253456222,"[[106   2]
 [  3  69]]"
mobilenet,0.8951406649616368,0.9770992366412213,0.8797250859106529,0.9258589511754068,0.7286821705426356,0.94,0.8209606986899562,"[[ 94   6]
 [ 35 256]]",0.9611111111111111,0.9710144927536232,0.9305555555555556,0.9503546099290779,0.954954954954955,0.9814814814814815,0.9680365296803655,"[[106   2]
 [  5  67]]"
mobilenet,0.8976982097186701,0.9771863117870723,0.8831615120274914,0.927797833935018,0.734375,0.94,0.8245614035087719,"[[ 94   6]
 [ 34 257]]",0.9444444444444444,0.8875,0.9861111111111112,0.9342105263157895,0.99,0.9166666666666666,0.9519230769230769,"[[99  9]
 [ 1 71]]"
mobilenet,0.8951406649616368,0.9770992366412213,0.8797250859106529,0.9258589511754068,0.7286821705426356,0.94,0.8209606986899562,"[[ 94   6]
 [ 35 256]]",0.9833333333333333,0.9859154929577465,0.9722222222222222,0.979020979020979,0.981651376146789,0.9907407407407407,0.9861751152073732,"[[107   1]
 [  2  70]]"
mobilenet,0.8976982097186701,0.9771863117870723,0.8831615120274914,0.927797833935018,0.734375,0.94,0.8245614035087719,"[[ 94   6]
 [ 34 257]]",0.9666666666666667,0.9583333333333334,0.9583333333333334,0.9583333333333334,0.9722222222222222,0.9722222222222222,0.9722222222222222,"[[105   3]
 [  3  69]]"
mobilenet,0.8976982097186701,0.9808429118773946,0.8797250859106529,0.927536231884058,0.7307692307692307,0.95,0.8260869565217392,"[[ 95   5]
 [ 35 256]]",0.9611111111111111,0.9452054794520548,0.9583333333333334,0.9517241379310345,0.9719626168224299,0.9629629629629629,0.9674418604651163,"[[104   4]
 [  3  69]]"
mobilenet,0.8900255754475703,0.9806201550387597,0.8694158075601375,0.9216757741347905,0.7142857142857143,0.95,0.8154506437768242,"[[ 95   5]
 [ 38 253]]",0.9388888888888889,0.9420289855072463,0.9027777777777778,0.9219858156028369,0.9369369369369369,0.9629629629629629,0.9497716894977168,"[[104   4]
 [  7  65]]"
mobilenet,0.8823529411764706,0.972972972972973,0.865979381443299,0.9163636363636364,0.7045454545454546,0.93,0.8017241379310345,"[[ 93   7]
 [ 39 252]]",0.9611111111111111,0.9577464788732394,0.9444444444444444,0.951048951048951,0.963302752293578,0.9722222222222222,0.9677419354838711,"[[105   3]
 [  4  68]]"
mobilenet,0.8976982097186701,0.9808429118773946,0.8797250859106529,0.927536231884058,0.7307692307692307,0.95,0.8260869565217392,"[[ 95   5]
 [ 35 256]]",0.95,0.9315068493150684,0.9444444444444444,0.9379310344827586,0.9626168224299065,0.9537037037037037,0.958139534883721,"[[103   5]
 [  4  68]]"
mobilenet,0.887468030690537,0.9768339768339769,0.8694158075601375,0.92,0.7121212121212122,0.94,0.810344827586207,"[[ 94   6]
 [ 38 253]]",0.9888888888888889,0.972972972972973,1.0,0.9863013698630138,1.0,0.9814814814814815,0.9906542056074767,"[[106   2]
 [  0  72]]"
mobilenet,0.8900255754475703,0.9769230769230769,0.872852233676976,0.9219600725952812,0.7175572519083969,0.94,0.8138528138528137,"[[ 94   6]
 [ 37 254]]",0.9666666666666667,0.9583333333333334,0.9583333333333334,0.9583333333333334,0.9722222222222222,0.9722222222222222,0.9722222222222222,"[[105   3]
 [  3  69]]"
mobilenet,0.8925831202046036,0.9770114942528736,0.8762886597938144,0.9239130434782609,0.7230769230769231,0.94,0.8173913043478259,"[[ 94   6]
 [ 36 255]]",0.9722222222222222,0.971830985915493,0.9583333333333334,0.965034965034965,0.9724770642201835,0.9814814814814815,0.9769585253456222,"[[106   2]
 [  3  69]]"
mobilenet,0.8925831202046036,0.9844357976653697,0.8694158075601375,0.9233576642335767,0.7164179104477612,0.96,0.8205128205128206,"[[ 96   4]
 [ 38 253]]",0.95,0.9846153846153847,0.8888888888888888,0.9343065693430657,0.9304347826086956,0.9907407407407407,0.9596412556053812,"[[107   1]
 [  8  64]]"
mobilenet,0.8951406649616368,0.9844961240310077,0.872852233676976,0.9253187613843351,0.7218045112781954,0.96,0.8240343347639485,"[[ 96   4]
 [ 37 254]]",0.9444444444444444,0.9428571428571428,0.9166666666666666,0.9295774647887323,0.9454545454545454,0.9629629629629629,0.9541284403669724,"[[104   4]
 [  6  66]]"
mobilenet,0.8976982097186701,0.9845559845559846,0.8762886597938144,0.9272727272727274,0.7272727272727273,0.96,0.8275862068965517,"[[ 96   4]
 [ 36 255]]",0.9444444444444444,0.984375,0.875,0.9264705882352942,0.9224137931034483,0.9907407407407407,0.9553571428571429,"[[107   1]
 [  9  63]]"
mobilenet,0.8900255754475703,0.9769230769230769,0.872852233676976,0.9219600725952812,0.7175572519083969,0.94,0.8138528138528137,"[[ 94   6]
 [ 37 254]]",0.9777777777777777,0.9722222222222222,0.9722222222222222,0.9722222222222222,0.9814814814814815,0.9814814814814815,0.9814814814814815,"[[106   2]
 [  2  70]]"
mobilenet,0.887468030690537,0.9768339768339769,0.8694158075601375,0.92,0.7121212121212122,0.94,0.810344827586207,"[[ 94   6]
 [ 38 253]]",0.9722222222222222,0.958904109589041,0.9722222222222222,0.9655172413793104,0.9813084112149533,0.9722222222222222,0.9767441860465117,"[[105   3]
 [  2  70]]"
mobilenet,0.8976982097186701,0.9808429118773946,0.8797250859106529,0.927536231884058,0.7307692307692307,0.95,0.8260869565217392,"[[ 95   5]
 [ 35 256]]",0.9555555555555556,0.9705882352941176,0.9166666666666666,0.9428571428571428,0.9464285714285714,0.9814814814814815,0.9636363636363636,"[[106   2]
 [  6  66]]"
mobilenet,0.8849104859335039,0.9767441860465116,0.865979381443299,0.9180327868852459,0.706766917293233,0.94,0.8068669527896996,"[[ 94   6]
 [ 39 252]]",0.9388888888888889,0.8961038961038961,0.9583333333333334,0.9261744966442952,0.970873786407767,0.9259259259259259,0.9478672985781991,"[[100   8]
 [  3  69]]"
mobilenet,0.8900255754475703,0.9732824427480916,0.8762886597938144,0.9222423146473779,0.7209302325581395,0.93,0.8122270742358079,"[[ 93   7]
 [ 36 255]]",0.9608938547486033,0.9577464788732394,0.9444444444444444,0.951048951048951,0.9629629629629629,0.9719626168224299,0.9674418604651163,"[[104   3]
 [  4  68]]"
mobilenet,0.8951406649616368,0.9844961240310077,0.872852233676976,0.9253187613843351,0.7218045112781954,0.96,0.8240343347639485,"[[ 96   4]
 [ 37 254]]",0.9329608938547486,0.9411764705882353,0.8888888888888888,0.9142857142857143,0.9279279279279279,0.9626168224299065,0.944954128440367,"[[103   4]
 [  8  64]]"
mobilenet,0.8925831202046036,0.9770114942528736,0.8762886597938144,0.9239130434782609,0.7230769230769231,0.94,0.8173913043478259,"[[ 94   6]
 [ 36 255]]",0.9720670391061452,0.971830985915493,0.9583333333333334,0.965034965034965,0.9722222222222222,0.9813084112149533,0.9767441860465117,"[[105   2]
 [  3  69]]"
mobilenet,0.8951406649616368,0.9807692307692307,0.8762886597938144,0.925589836660617,0.7251908396946565,0.95,0.8225108225108225,"[[ 95   5]
 [ 36 255]]",0.9776536312849162,0.9722222222222222,0.9722222222222222,0.9722222222222222,0.9813084112149533,0.9813084112149533,0.9813084112149533,"[[105   2]
 [  2  70]]"
mobilenet,0.8951406649616368,0.9807692307692307,0.8762886597938144,0.925589836660617,0.7251908396946565,0.95,0.8225108225108225,"[[ 95   5]
 [ 36 255]]",0.9720670391061452,0.9459459459459459,0.9859154929577465,0.9655172413793103,0.9904761904761905,0.9629629629629629,0.9765258215962442,"[[104   4]
 [  1  70]]"
mobilenet,0.8925831202046036,0.9770114942528736,0.8762886597938144,0.9239130434782609,0.7230769230769231,0.94,0.8173913043478259,"[[ 94   6]
 [ 36 255]]",0.9664804469273743,0.9850746268656716,0.9295774647887324,0.9565217391304348,0.9553571428571429,0.9907407407407407,0.9727272727272727,"[[107   1]
 [  5  66]]"
mobilenet_gauss,0.8823529411764706,0.972972972972973,0.865979381443299,0.9163636363636364,0.7045454545454546,0.93,0.8017241379310345,"[[ 93   7]
 [ 39 252]]",0.9388888888888889,0.9178082191780822,0.9305555555555556,0.9241379310344828,0.9532710280373832,0.9444444444444444,0.9488372093023255,"[[204  12]
 [ 10 134]]"
mobilenet_gauss,0.8772378516624041,0.9727626459143969,0.8591065292096219,0.9124087591240876,0.6940298507462687,0.93,0.7948717948717949,"[[ 93   7]
 [ 41 250]]",0.9555555555555556,0.9571428571428572,0.9305555555555556,0.943661971830986,0.9545454545454546,0.9722222222222222,0.963302752293578,"[[210   6]
 [ 10 134]]"
mobilenet_gauss,0.8772378516624041,0.9727626459143969,0.8591065292096219,0.9124087591240876,0.6940298507462687,0.93,0.7948717948717949,"[[ 93   7]
 [ 41 250]]",0.9583333333333334,0.9328859060402684,0.9652777777777778,0.9488054607508531,0.976303317535545,0.9537037037037037,0.964871194379391,"[[206  10]
 [  5 139]]"
mobilenet_gauss,0.8772378516624041,0.9764705882352941,0.8556701030927835,0.9120879120879121,0.6911764705882353,0.94,0.7966101694915254,"[[ 94   6]
 [ 42 249]]",0.9694444444444444,0.9586206896551724,0.9652777777777778,0.9619377162629758,0.9767441860465116,0.9722222222222222,0.9744779582366588,"[[210   6]
 [  5 139]]"
mobilenet_gauss,0.8772378516624041,0.9727626459143969,0.8591065292096219,0.9124087591240876,0.6940298507462687,0.93,0.7948717948717949,"[[ 93   7]
 [ 41 250]]",0.9444444444444444,0.9626865671641791,0.8958333333333334,0.9280575539568345,0.9336283185840708,0.9768518518518519,0.9547511312217195,"[[211   5]
 [ 15 129]]"
mobilenet_gauss,0.8721227621483376,0.9725490196078431,0.852233676975945,0.9084249084249084,0.6838235294117647,0.93,0.788135593220339,"[[ 93   7]
 [ 43 248]]",0.9555555555555556,0.9444444444444444,0.9444444444444444,0.9444444444444444,0.9629629629629629,0.9629629629629629,0.9629629629629629,"[[208   8]
 [  8 136]]"
mobilenet_gauss,0.8721227621483376,0.9688715953307393,0.8556701030927835,0.9087591240875912,0.6865671641791045,0.92,0.7863247863247863,"[[ 92   8]
 [ 42 249]]",0.9361111111111111,0.935251798561151,0.9027777777777778,0.9187279151943463,0.9366515837104072,0.9583333333333334,0.9473684210526316,"[[207   9]
 [ 14 130]]"
mobilenet_gauss,0.8797953964194374,0.9728682170542635,0.8625429553264605,0.9143897996357012,0.6992481203007519,0.93,0.798283261802575,"[[ 93   7]
 [ 40 251]]",0.9333333333333333,0.9225352112676056,0.9097222222222222,0.916083916083916,0.9403669724770642,0.9490740740740741,0.9447004608294931,"[[205  11]
 [ 13 131]]"
mobilenet_gauss,0.8797953964194374,0.9728682170542635,0.8625429553264605,0.9143897996357012,0.6992481203007519,0.93,0.798283261802575,"[[ 93   7]
 [ 40 251]]",0.9722222222222222,0.9652777777777778,0.9652777777777778,0.9652777777777778,0.9768518518518519,0.9768518518518519,0.9768518518518519,"[[211   5]
 [  5 139]]"
mobilenet_gauss,0.8797953964194374,0.9728682170542635,0.8625429553264605,0.9143897996357012,0.6992481203007519,0.93,0.798283261802575,"[[ 93   7]
 [ 40 251]]",0.9333333333333333,0.8896103896103896,0.9513888888888888,0.9194630872483223,0.9660194174757282,0.9212962962962963,0.943127962085308,"[[199  17]
 [  7 137]]"
mobilenet_gauss,0.8772378516624041,0.9727626459143969,0.8591065292096219,0.9124087591240876,0.6940298507462687,0.93,0.7948717948717949,"[[ 93   7]
 [ 41 250]]",0.95,0.9090909090909091,0.9722222222222222,0.9395973154362416,0.9805825242718447,0.9351851851851852,0.9573459715639812,"[[202  14]
 [  4 140]]"
mobilenet_gauss,0.8721227621483376,0.9688715953307393,0.8556701030927835,0.9087591240875912,0.6865671641791045,0.92,0.7863247863247863,"[[ 92   8]
 [ 42 249]]",0.9416666666666667,0.9361702127659575,0.9166666666666666,0.9263157894736843,0.9452054794520548,0.9583333333333334,0.9517241379310345,"[[207   9]
 [ 12 132]]"
mobilenet_gauss,0.8797953964194374,0.9728682170542635,0.8625429553264605,0.9143897996357012,0.6992481203007519,0.93,0.798283261802575,"[[ 93   7]
 [ 40 251]]",0.9583333333333334,0.9640287769784173,0.9305555555555556,0.9469964664310955,0.9547511312217195,0.9768518518518519,0.9656750572082381,"[[211   5]
 [ 10 134]]"
mobilenet_gauss,0.8797953964194374,0.9728682170542635,0.8625429553264605,0.9143897996357012,0.6992481203007519,0.93,0.798283261802575,"[[ 93   7]
 [ 40 251]]",0.9611111111111111,0.9850746268656716,0.9166666666666666,0.949640287769784,0.9469026548672567,0.9907407407407407,0.9683257918552035,"[[214   2]
 [ 12 132]]"
mobilenet_gauss,0.8797953964194374,0.9728682170542635,0.8625429553264605,0.9143897996357012,0.6992481203007519,0.93,0.798283261802575,"[[ 93   7]
 [ 40 251]]",0.9527777777777777,0.950354609929078,0.9305555555555556,0.9403508771929825,0.954337899543379,0.9675925925925926,0.960919540229885,"[[209   7]
 [ 10 134]]"
mobilenet_gauss,0.8797953964194374,0.9728682170542635,0.8625429553264605,0.9143897996357012,0.6992481203007519,0.93,0.798283261802575,"[[ 93   7]
 [ 40 251]]",0.9416666666666667,0.9361702127659575,0.9166666666666666,0.9263157894736843,0.9452054794520548,0.9583333333333334,0.9517241379310345,"[[207   9]
 [ 12 132]]"
mobilenet_gauss,0.8797953964194374,0.9728682170542635,0.8625429553264605,0.9143897996357012,0.6992481203007519,0.93,0.798283261802575,"[[ 93   7]
 [ 40 251]]",0.9444444444444444,0.9246575342465754,0.9375,0.9310344827586208,0.9579439252336449,0.9490740740740741,0.9534883720930233,"[[205  11]
 [  9 135]]"
mobilenet_gauss,0.8746803069053708,0.9689922480620154,0.8591065292096219,0.9107468123861566,0.6917293233082706,0.92,0.7896995708154506,"[[ 92   8]
 [ 41 250]]",0.9611111111111111,0.9452054794520548,0.9583333333333334,0.9517241379310345,0.9719626168224299,0.9629629629629629,0.9674418604651163,"[[208   8]
 [  6 138]]"
mobilenet_gauss,0.8746803069053708,0.9689922480620154,0.8591065292096219,0.9107468123861566,0.6917293233082706,0.92,0.7896995708154506,"[[ 92   8]
 [ 41 250]]",0.9275766016713092,0.9398496240601504,0.8741258741258742,0.9057971014492754,0.9203539823008849,0.9629629629629629,0.9411764705882353,"[[208   8]
 [ 18 125]]"
mobilenet_gauss,0.8797953964194374,0.9728682170542635,0.8625429553264605,0.9143897996357012,0.6992481203007519,0.93,0.798283261802575,"[[ 93   7]
 [ 40 251]]",0.8969359331476323,0.8785714285714286,0.8601398601398601,0.8692579505300353,0.908675799086758,0.9212962962962963,0.9149425287356322,"[[199  17]
 [ 20 123]]"
mobilenet_gauss,0.8746803069053708,0.9689922480620154,0.8591065292096219,0.9107468123861566,0.6917293233082706,0.92,0.7896995708154506,"[[ 92   8]
 [ 41 250]]",0.947075208913649,0.918918918918919,0.951048951048951,0.9347079037800687,0.966824644549763,0.9444444444444444,0.955503512880562,"[[204  12]
 [  7 136]]"
mobilenet_gauss,0.8772378516624041,0.9727626459143969,0.8591065292096219,0.9124087591240876,0.6940298507462687,0.93,0.7948717948717949,"[[ 93   7]
 [ 41 250]]",0.9331476323119777,0.9541984732824428,0.8741258741258742,0.9124087591240876,0.9210526315789473,0.9722222222222222,0.9459459459459458,"[[210   6]
 [ 18 125]]"
mobilenet_gauss,0.8797953964194374,0.9692307692307692,0.865979381443299,0.9147005444646098,0.7022900763358778,0.92,0.7965367965367965,"[[ 92   8]
 [ 39 252]]",0.924791086350975,0.9090909090909091,0.9027777777777778,0.9059233449477352,0.9351851851851852,0.9395348837209302,0.9373549883990719,"[[202  13]
 [ 14 130]]"
mobilenet_gauss,0.8772378516624041,0.9691119691119691,0.8625429553264605,0.9127272727272727,0.696969696969697,0.92,0.793103448275862,"[[ 92   8]
 [ 40 251]]",0.9442896935933147,0.9133333333333333,0.9513888888888888,0.9319727891156462,0.9665071770334929,0.9395348837209302,0.9528301886792453,"[[202  13]
 [  7 137]]"
mobilenet_gauss,0.8746803069053708,0.9689922480620154,0.8591065292096219,0.9107468123861566,0.6917293233082706,0.92,0.7896995708154506,"[[ 92   8]
 [ 41 250]]",0.935933147632312,0.9416058394160584,0.8958333333333334,0.9181494661921709,0.9324324324324325,0.9627906976744186,0.9473684210526315,"[[207   8]
 [ 15 129]]"
mobilenet_gauss,0.8746803069053708,0.97265625,0.8556701030927835,0.9104204753199268,0.6888888888888889,0.93,0.7914893617021278,"[[ 93   7]
 [ 42 249]]",0.9387186629526463,0.9357142857142857,0.9097222222222222,0.9225352112676057,0.9406392694063926,0.958139534883721,0.9493087557603686,"[[206   9]
 [ 13 131]]"
mobilenet_gauss,0.8746803069053708,0.9689922480620154,0.8591065292096219,0.9107468123861566,0.6917293233082706,0.92,0.7896995708154506,"[[ 92   8]
 [ 41 250]]",0.9387186629526463,0.9178082191780822,0.9305555555555556,0.9241379310344828,0.9530516431924883,0.9441860465116279,0.9485981308411214,"[[203  12]
 [ 10 134]]"
mobilenet_gauss,0.8772378516624041,0.9727626459143969,0.8591065292096219,0.9124087591240876,0.6940298507462687,0.93,0.7948717948717949,"[[ 93   7]
 [ 41 250]]",0.9693593314763231,0.9716312056737588,0.9513888888888888,0.9614035087719298,0.9678899082568807,0.9813953488372092,0.9745958429561201,"[[211   4]
 [  7 137]]"
mobilenet_gauss,0.8823529411764706,0.972972972972973,0.865979381443299,0.9163636363636364,0.7045454545454546,0.93,0.8017241379310345,"[[ 93   7]
 [ 39 252]]",0.9442896935933147,0.9246575342465754,0.9375,0.9310344827586208,0.9577464788732394,0.9488372093023256,0.9532710280373832,"[[204  11]
 [  9 135]]"
mobilenet_gauss,0.8746803069053708,0.9689922480620154,0.8591065292096219,0.9107468123861566,0.6917293233082706,0.92,0.7896995708154506,"[[ 92   8]
 [ 41 250]]",0.947075208913649,0.9370629370629371,0.9305555555555556,0.9337979094076655,0.9537037037037037,0.958139534883721,0.9559164733178654,"[[206   9]
 [ 10 134]]"
vgg16,0.9130434782608695,0.9638989169675091,0.9175257731958762,0.9401408450704225,0.7894736842105263,0.9,0.8411214953271027,"[[ 90  10]
 [ 24 267]]",0.9833333333333333,0.9726027397260274,0.9861111111111112,0.9793103448275863,0.9906542056074766,0.9814814814814815,0.986046511627907,"[[106   2]
 [  1  71]]"
vgg16,0.9104859335038363,0.9637681159420289,0.9140893470790378,0.9382716049382716,0.782608695652174,0.9,0.8372093023255814,"[[ 90  10]
 [ 25 266]]",0.9777777777777777,0.9722222222222222,0.9722222222222222,0.9722222222222222,0.9814814814814815,0.9814814814814815,0.9814814814814815,"[[106   2]
 [  2  70]]"
vgg16,0.9130434782608695,0.9638989169675091,0.9175257731958762,0.9401408450704225,0.7894736842105263,0.9,0.8411214953271027,"[[ 90  10]
 [ 24 267]]",0.9833333333333333,1.0,0.9583333333333334,0.9787234042553191,0.972972972972973,1.0,0.9863013698630138,"[[108   0]
 [  3  69]]"
vgg16,0.9130434782608695,0.9638989169675091,0.9175257731958762,0.9401408450704225,0.7894736842105263,0.9,0.8411214953271027,"[[ 90  10]
 [ 24 267]]",0.9777777777777777,0.9857142857142858,0.9583333333333334,0.971830985915493,0.9727272727272728,0.9907407407407407,0.981651376146789,"[[107   1]
 [  3  69]]"
vgg16,0.9130434782608695,0.9638989169675091,0.9175257731958762,0.9401408450704225,0.7894736842105263,0.9,0.8411214953271027,"[[ 90  10]
 [ 24 267]]",0.9833333333333333,0.9859154929577465,0.9722222222222222,0.979020979020979,0.981651376146789,0.9907407407407407,0.9861751152073732,"[[107   1]
 [  2  70]]"
vgg16,0.9130434782608695,0.9638989169675091,0.9175257731958762,0.9401408450704225,0.7894736842105263,0.9,0.8411214953271027,"[[ 90  10]
 [ 24 267]]",0.9722222222222222,0.9466666666666667,0.9861111111111112,0.9659863945578231,0.9904761904761905,0.9629629629629629,0.9765258215962442,"[[104   4]
 [  1  71]]"
vgg16,0.9104859335038363,0.9637681159420289,0.9140893470790378,0.9382716049382716,0.782608695652174,0.9,0.8372093023255814,"[[ 90  10]
 [ 25 266]]",0.9777777777777777,1.0,0.9444444444444444,0.9714285714285714,0.9642857142857143,1.0,0.9818181818181818,"[[108   0]
 [  4  68]]"
vgg16,0.9130434782608695,0.9638989169675091,0.9175257731958762,0.9401408450704225,0.7894736842105263,0.9,0.8411214953271027,"[[ 90  10]
 [ 24 267]]",0.9833333333333333,0.9859154929577465,0.9722222222222222,0.979020979020979,0.981651376146789,0.9907407407407407,0.9861751152073732,"[[107   1]
 [  2  70]]"
vgg16,0.9130434782608695,0.9638989169675091,0.9175257731958762,0.9401408450704225,0.7894736842105263,0.9,0.8411214953271027,"[[ 90  10]
 [ 24 267]]",0.9777777777777777,0.9594594594594594,0.9861111111111112,0.9726027397260274,0.9905660377358491,0.9722222222222222,0.9813084112149533,"[[105   3]
 [  1  71]]"
vgg16,0.9130434782608695,0.9638989169675091,0.9175257731958762,0.9401408450704225,0.7894736842105263,0.9,0.8411214953271027,"[[ 90  10]
 [ 24 267]]",0.9888888888888889,0.9861111111111112,0.9861111111111112,0.9861111111111112,0.9907407407407407,0.9907407407407407,0.9907407407407407,"[[107   1]
 [  1  71]]"
vgg16,0.9130434782608695,0.9638989169675091,0.9175257731958762,0.9401408450704225,0.7894736842105263,0.9,0.8411214953271027,"[[ 90  10]
 [ 24 267]]",0.9777777777777777,0.9473684210526315,1.0,0.972972972972973,1.0,0.9629629629629629,0.9811320754716981,"[[104   4]
 [  0  72]]"
vgg16,0.9130434782608695,0.9638989169675091,0.9175257731958762,0.9401408450704225,0.7894736842105263,0.9,0.8411214953271027,"[[ 90  10]
 [ 24 267]]",0.9833333333333333,0.9726027397260274,0.9861111111111112,0.9793103448275863,0.9906542056074766,0.9814814814814815,0.986046511627907,"[[106   2]
 [  1  71]]"
vgg16,0.9104859335038363,0.9637681159420289,0.9140893470790378,0.9382716049382716,0.782608695652174,0.9,0.8372093023255814,"[[ 90  10]
 [ 25 266]]",0.9944444444444445,1.0,0.9861111111111112,0.993006993006993,0.9908256880733946,1.0,0.9953917050691244,"[[108   0]
 [  1  71]]"
vgg16,0.9130434782608695,0.9638989169675091,0.9175257731958762,0.9401408450704225,0.7894736842105263,0.9,0.8411214953271027,"[[ 90  10]
 [ 24 267]]",0.9833333333333333,0.9859154929577465,0.9722222222222222,0.979020979020979,0.981651376146789,0.9907407407407407,0.9861751152073732,"[[107   1]
 [  2  70]]"
vgg16,0.9130434782608695,0.9638989169675091,0.9175257731958762,0.9401408450704225,0.7894736842105263,0.9,0.8411214953271027,"[[ 90  10]
 [ 24 267]]",0.9777777777777777,0.9594594594594594,0.9861111111111112,0.9726027397260274,0.9905660377358491,0.9722222222222222,0.9813084112149533,"[[105   3]
 [  1  71]]"
vgg16,0.9130434782608695,0.9638989169675091,0.9175257731958762,0.9401408450704225,0.7894736842105263,0.9,0.8411214953271027,"[[ 90  10]
 [ 24 267]]",0.9777777777777777,0.9722222222222222,0.9722222222222222,0.9722222222222222,0.9814814814814815,0.9814814814814815,0.9814814814814815,"[[106   2]
 [  2  70]]"
vgg16,0.9130434782608695,0.9638989169675091,0.9175257731958762,0.9401408450704225,0.7894736842105263,0.9,0.8411214953271027,"[[ 90  10]
 [ 24 267]]",0.9611111111111111,0.9577464788732394,0.9444444444444444,0.951048951048951,0.963302752293578,0.9722222222222222,0.9677419354838711,"[[105   3]
 [  4  68]]"
vgg16,0.9130434782608695,0.9638989169675091,0.9175257731958762,0.9401408450704225,0.7894736842105263,0.9,0.8411214953271027,"[[ 90  10]
 [ 24 267]]",0.9611111111111111,0.9452054794520548,0.9583333333333334,0.9517241379310345,0.9719626168224299,0.9629629629629629,0.9674418604651163,"[[104   4]
 [  3  69]]"
vgg16,0.9130434782608695,0.9638989169675091,0.9175257731958762,0.9401408450704225,0.7894736842105263,0.9,0.8411214953271027,"[[ 90  10]
 [ 24 267]]",0.9666666666666667,0.9459459459459459,0.9722222222222222,0.9589041095890412,0.9811320754716981,0.9629629629629629,0.9719626168224299,"[[104   4]
 [  2  70]]"
vgg16,0.9104859335038363,0.9637681159420289,0.9140893470790378,0.9382716049382716,0.782608695652174,0.9,0.8372093023255814,"[[ 90  10]
 [ 25 266]]",0.9888888888888889,0.9861111111111112,0.9861111111111112,0.9861111111111112,0.9907407407407407,0.9907407407407407,0.9907407407407407,"[[107   1]
 [  1  71]]"
vgg16,0.9130434782608695,0.9638989169675091,0.9175257731958762,0.9401408450704225,0.7894736842105263,0.9,0.8411214953271027,"[[ 90  10]
 [ 24 267]]",0.9722222222222222,1.0,0.9305555555555556,0.9640287769784173,0.9557522123893806,1.0,0.9773755656108597,"[[108   0]
 [  5  67]]"
vgg16,0.9130434782608695,0.9638989169675091,0.9175257731958762,0.9401408450704225,0.7894736842105263,0.9,0.8411214953271027,"[[ 90  10]
 [ 24 267]]",0.9777777777777777,1.0,0.9444444444444444,0.9714285714285714,0.9642857142857143,1.0,0.9818181818181818,"[[108   0]
 [  4  68]]"
vgg16,0.9130434782608695,0.9638989169675091,0.9175257731958762,0.9401408450704225,0.7894736842105263,0.9,0.8411214953271027,"[[ 90  10]
 [ 24 267]]",0.9722222222222222,0.958904109589041,0.9722222222222222,0.9655172413793104,0.9813084112149533,0.9722222222222222,0.9767441860465117,"[[105   3]
 [  2  70]]"
vgg16,0.9130434782608695,0.9638989169675091,0.9175257731958762,0.9401408450704225,0.7894736842105263,0.9,0.8411214953271027,"[[ 90  10]
 [ 24 267]]",0.9833333333333333,0.9859154929577465,0.9722222222222222,0.979020979020979,0.981651376146789,0.9907407407407407,0.9861751152073732,"[[107   1]
 [  2  70]]"
vgg16,0.9130434782608695,0.9638989169675091,0.9175257731958762,0.9401408450704225,0.7894736842105263,0.9,0.8411214953271027,"[[ 90  10]
 [ 24 267]]",0.9720670391061452,0.9459459459459459,0.9859154929577465,0.9655172413793103,0.9904761904761905,0.9629629629629629,0.9765258215962442,"[[104   4]
 [  1  70]]"
vgg16,0.9130434782608695,0.9638989169675091,0.9175257731958762,0.9401408450704225,0.7894736842105263,0.9,0.8411214953271027,"[[ 90  10]
 [ 24 267]]",0.9776536312849162,0.958904109589041,0.9859154929577465,0.9722222222222222,0.9905660377358491,0.9722222222222222,0.9813084112149533,"[[105   3]
 [  1  70]]"
vgg16,0.9130434782608695,0.9638989169675091,0.9175257731958762,0.9401408450704225,0.7894736842105263,0.9,0.8411214953271027,"[[ 90  10]
 [ 24 267]]",1.0,1.0,1.0,1.0,1.0,1.0,1.0,"[[107   0]
 [  0  72]]"
vgg16,0.9130434782608695,0.9638989169675091,0.9175257731958762,0.9401408450704225,0.7894736842105263,0.9,0.8411214953271027,"[[ 90  10]
 [ 24 267]]",0.994413407821229,0.9863013698630136,1.0,0.993103448275862,1.0,0.9906542056074766,0.9953051643192489,"[[106   1]
 [  0  72]]"
vgg16,0.9130434782608695,0.9638989169675091,0.9175257731958762,0.9401408450704225,0.7894736842105263,0.9,0.8411214953271027,"[[ 90  10]
 [ 24 267]]",0.9832402234636871,1.0,0.9583333333333334,0.9787234042553191,0.9727272727272728,1.0,0.9861751152073733,"[[107   0]
 [  3  69]]"
vgg16,0.9130434782608695,0.9638989169675091,0.9175257731958762,0.9401408450704225,0.7894736842105263,0.9,0.8411214953271027,"[[ 90  10]
 [ 24 267]]",0.994413407821229,1.0,0.9861111111111112,0.993006993006993,0.9907407407407407,1.0,0.9953488372093023,"[[107   0]
 [  1  71]]"
vgg16_gauss,0.8976982097186701,0.9630996309963099,0.8969072164948454,0.9288256227758007,0.75,0.9,0.8181818181818182,"[[ 90  10]
 [ 30 261]]",0.9777777777777777,0.9657534246575342,0.9791666666666666,0.9724137931034483,0.985981308411215,0.9768518518518519,0.9813953488372094,"[[211   5]
 [  3 141]]"
vgg16_gauss,0.8951406649616368,0.9595588235294118,0.8969072164948454,0.9271758436944938,0.7478991596638656,0.89,0.8127853881278538,"[[ 89  11]
 [ 30 261]]",0.9777777777777777,0.9594594594594594,0.9861111111111112,0.9726027397260274,0.9905660377358491,0.9722222222222222,0.9813084112149533,"[[210   6]
 [  2 142]]"
vgg16_gauss,0.8925831202046036,0.959409594095941,0.8934707903780069,0.9252669039145908,0.7416666666666667,0.89,0.8090909090909091,"[[ 89  11]
 [ 31 260]]",0.9527777777777777,0.9261744966442953,0.9583333333333334,0.9419795221843005,0.9715639810426541,0.9490740740740741,0.9601873536299765,"[[205  11]
 [  6 138]]"
vgg16_gauss,0.907928388746803,0.967032967032967,0.9072164948453608,0.9361702127659575,0.7711864406779662,0.91,0.8348623853211009,"[[ 91   9]
 [ 27 264]]",0.9722222222222222,0.958904109589041,0.9722222222222222,0.9655172413793104,0.9813084112149533,0.9722222222222222,0.9767441860465117,"[[210   6]
 [  4 140]]"
vgg16_gauss,0.8925831202046036,0.959409594095941,0.8934707903780069,0.9252669039145908,0.7416666666666667,0.89,0.8090909090909091,"[[ 89  11]
 [ 31 260]]",0.9722222222222222,0.9652777777777778,0.9652777777777778,0.9652777777777778,0.9768518518518519,0.9768518518518519,0.9768518518518519,"[[211   5]
 [  5 139]]"
vgg16_gauss,0.8976982097186701,0.9735849056603774,0.8865979381443299,0.9280575539568344,0.7380952380952381,0.93,0.8230088495575221,"[[ 93   7]
 [ 33 258]]",0.9694444444444444,0.9586206896551724,0.9652777777777778,0.9619377162629758,0.9767441860465116,0.9722222222222222,0.9744779582366588,"[[210   6]
 [  5 139]]"
vgg16_gauss,0.8849104859335039,0.9555555555555556,0.8865979381443299,0.9197860962566844,0.7272727272727273,0.88,0.7963800904977375,"[[ 88  12]
 [ 33 258]]",0.9555555555555556,0.9571428571428572,0.9305555555555556,0.943661971830986,0.9545454545454546,0.9722222222222222,0.963302752293578,"[[210   6]
 [ 10 134]]"
vgg16_gauss,0.8951406649616368,0.9629629629629629,0.8934707903780069,0.9269162210338681,0.743801652892562,0.9,0.8144796380090498,"[[ 90  10]
 [ 31 260]]",0.9833333333333333,0.9726027397260274,0.9861111111111112,0.9793103448275863,0.9906542056074766,0.9814814814814815,0.986046511627907,"[[212   4]
 [  2 142]]"
vgg16_gauss,0.8925831202046036,0.9662921348314607,0.8865979381443299,0.9247311827956988,0.7338709677419355,0.91,0.8125,"[[ 91   9]
 [ 33 258]]",0.9638888888888889,0.9395973154362416,0.9722222222222222,0.9556313993174061,0.981042654028436,0.9583333333333334,0.9695550351288057,"[[207   9]
 [  4 140]]"
vgg16_gauss,0.8925831202046036,0.959409594095941,0.8934707903780069,0.9252669039145908,0.7416666666666667,0.89,0.8090909090909091,"[[ 89  11]
 [ 31 260]]",0.9555555555555556,0.9444444444444444,0.9444444444444444,0.9444444444444444,0.9629629629629629,0.9629629629629629,0.9629629629629629,"[[208   8]
 [  8 136]]"
vgg16_gauss,0.9002557544757033,0.9666666666666667,0.8969072164948454,0.93048128342246,0.7520661157024794,0.91,0.823529411764706,"[[ 91   9]
 [ 30 261]]",0.9666666666666667,0.9782608695652174,0.9375,0.9574468085106383,0.9594594594594594,0.9861111111111112,0.9726027397260274,"[[213   3]
 [  9 135]]"
vgg16_gauss,0.9002557544757033,0.9632352941176471,0.9003436426116839,0.9307282415630551,0.7563025210084033,0.9,0.8219178082191781,"[[ 90  10]
 [ 29 262]]",0.9694444444444444,0.9586206896551724,0.9652777777777778,0.9619377162629758,0.9767441860465116,0.9722222222222222,0.9744779582366588,"[[210   6]
 [  5 139]]"
vgg16_gauss,0.9053708439897699,0.9738805970149254,0.8969072164948454,0.9338103756708408,0.7560975609756098,0.93,0.8340807174887893,"[[ 93   7]
 [ 30 261]]",0.975,0.972027972027972,0.9652777777777778,0.9686411149825783,0.9769585253456221,0.9814814814814815,0.9792147806004619,"[[212   4]
 [  5 139]]"
vgg16_gauss,0.8976982097186701,0.9630996309963099,0.8969072164948454,0.9288256227758007,0.75,0.9,0.8181818181818182,"[[ 90  10]
 [ 30 261]]",0.9583333333333334,0.9387755102040817,0.9583333333333334,0.9484536082474228,0.971830985915493,0.9583333333333334,0.965034965034965,"[[207   9]
 [  6 138]]"
vgg16_gauss,0.8976982097186701,0.9630996309963099,0.8969072164948454,0.9288256227758007,0.75,0.9,0.8181818181818182,"[[ 90  10]
 [ 30 261]]",0.9833333333333333,0.9726027397260274,0.9861111111111112,0.9793103448275863,0.9906542056074766,0.9814814814814815,0.986046511627907,"[[212   4]
 [  2 142]]"
vgg16_gauss,0.8976982097186701,0.9597069597069597,0.9003436426116839,0.9290780141843972,0.7542372881355932,0.89,0.8165137614678899,"[[ 89  11]
 [ 29 262]]",0.9611111111111111,0.9513888888888888,0.9513888888888888,0.9513888888888888,0.9675925925925926,0.9675925925925926,0.9675925925925926,"[[209   7]
 [  7 137]]"
vgg16_gauss,0.9002557544757033,0.9666666666666667,0.8969072164948454,0.93048128342246,0.7520661157024794,0.91,0.823529411764706,"[[ 91   9]
 [ 30 261]]",0.9583333333333334,0.951048951048951,0.9444444444444444,0.9477351916376306,0.9631336405529954,0.9675925925925926,0.9653579676674365,"[[209   7]
 [  8 136]]"
vgg16_gauss,0.8900255754475703,0.9592592592592593,0.8900343642611683,0.9233511586452763,0.7355371900826446,0.89,0.8054298642533936,"[[ 89  11]
 [ 32 259]]",0.9611111111111111,0.9513888888888888,0.9513888888888888,0.9513888888888888,0.9675925925925926,0.9675925925925926,0.9675925925925926,"[[209   7]
 [  7 137]]"
vgg16_gauss,0.8951406649616368,0.9629629629629629,0.8934707903780069,0.9269162210338681,0.743801652892562,0.9,0.8144796380090498,"[[ 90  10]
 [ 31 260]]",0.9749303621169917,0.9591836734693877,0.9791666666666666,0.9690721649484536,0.9858490566037735,0.9720930232558139,0.9789227166276346,"[[209   6]
 [  3 141]]"
vgg16_gauss,0.9002557544757033,0.9598540145985401,0.9037800687285223,0.9309734513274337,0.7606837606837606,0.89,0.8202764976958524,"[[ 89  11]
 [ 28 263]]",0.9693593314763231,0.9463087248322147,0.9791666666666666,0.962457337883959,0.9857142857142858,0.9627906976744186,0.9741176470588235,"[[207   8]
 [  3 141]]"
vgg16_gauss,0.8925831202046036,0.9560439560439561,0.8969072164948454,0.9255319148936171,0.7457627118644068,0.88,0.8073394495412843,"[[ 88  12]
 [ 30 261]]",0.9637883008356546,0.9455782312925171,0.9652777777777778,0.9553264604810997,0.9764150943396226,0.9627906976744186,0.9695550351288055,"[[207   8]
 [  5 139]]"
vgg16_gauss,0.8900255754475703,0.9626865671641791,0.8865979381443299,0.9230769230769231,0.7317073170731707,0.9,0.8071748878923767,"[[ 90  10]
 [ 33 258]]",0.9554317548746518,0.9776119402985075,0.9097222222222222,0.9424460431654677,0.9422222222222222,0.986046511627907,0.9636363636363636,"[[212   3]
 [ 13 131]]"
vgg16_gauss,0.9053708439897699,0.9669117647058824,0.9037800687285223,0.9342806394316163,0.7647058823529411,0.91,0.8310502283105021,"[[ 91   9]
 [ 28 263]]",0.9610027855153204,0.9452054794520548,0.9583333333333334,0.9517241379310345,0.971830985915493,0.9627906976744186,0.9672897196261682,"[[207   8]
 [  6 138]]"
vgg16_gauss,0.9028132992327366,0.96,0.9072164948453608,0.9328621908127209,0.7672413793103449,0.89,0.8240740740740741,"[[ 89  11]
 [ 27 264]]",0.9749303621169917,0.9787234042553191,0.9583333333333334,0.968421052631579,0.9724770642201835,0.986046511627907,0.979214780600462,"[[212   3]
 [  6 138]]"
vgg16_gauss,0.8900255754475703,0.9661654135338346,0.8831615120274914,0.9228007181328546,0.728,0.91,0.8088888888888889,"[[ 91   9]
 [ 34 257]]",0.9665738161559888,0.9647887323943662,0.9513888888888888,0.9580419580419581,0.967741935483871,0.9767441860465116,0.9722222222222222,"[[210   5]
 [  7 137]]"
vgg16_gauss,0.8900255754475703,0.9592592592592593,0.8900343642611683,0.9233511586452763,0.7355371900826446,0.89,0.8054298642533936,"[[ 89  11]
 [ 32 259]]",0.9637883008356546,0.9517241379310345,0.9583333333333334,0.9550173010380624,0.9719626168224299,0.9674418604651163,0.9696969696969698,"[[208   7]
 [  6 138]]"
vgg16_gauss,0.8925831202046036,0.959409594095941,0.8934707903780069,0.9252669039145908,0.7416666666666667,0.89,0.8090909090909091,"[[ 89  11]
 [ 31 260]]",0.9637883008356546,0.9513888888888888,0.958041958041958,0.9547038327526133,0.9720930232558139,0.9675925925925926,0.9698375870069605,"[[209   7]
 [  6 137]]"
vgg16_gauss,0.8925831202046036,0.9628252788104089,0.8900343642611683,0.9249999999999998,0.7377049180327869,0.9,0.8108108108108109,"[[ 90  10]
 [ 32 259]]",0.9693593314763231,0.952054794520548,0.972027972027972,0.9619377162629758,0.9812206572769953,0.9675925925925926,0.9743589743589743,"[[209   7]
 [  4 139]]"
vgg16_gauss,0.9028132992327366,0.966789667896679,0.9003436426116839,0.9323843416370107,0.7583333333333333,0.91,0.8272727272727273,"[[ 91   9]
 [ 29 262]]",0.9749303621169917,0.971830985915493,0.965034965034965,0.968421052631579,0.9769585253456221,0.9814814814814815,0.9792147806004619,"[[212   4]
 [  5 138]]"
vgg16_gauss,0.9053708439897699,0.9635036496350365,0.9072164948453608,0.9345132743362833,0.7692307692307693,0.9,0.8294930875576038,"[[ 90  10]
 [ 27 264]]",0.958217270194986,0.9266666666666666,0.972027972027972,0.9488054607508531,0.9808612440191388,0.9490740740740741,0.9647058823529412,"[[205  11]
 [  4 139]]"
